ID_Zindi,GT_NO2
ID_2MYNQS,
ID_P4U5WU,
ID_U4KWPK,
ID_QGSNTZ,
ID_GHSZ6K,
ID_NKPFFW,
ID_Z9ICW9,
ID_H2YFI6,
ID_RMBWWV,
ID_8JASJD,
ID_BVXTI2,
ID_NDIOUZ,
ID_AWH9CU,
ID_FF8GFR,
ID_SQCZ4B,
ID_C2YTPV,
ID_WV7RFQ,
ID_E3CKAK,
ID_U7XGZ3,
ID_X8599L,
ID_HR1N35,
ID_O6FGA6,
ID_Y1FO8G,
ID_SGDI1C,
ID_T2H0JJ,
ID_V7BMNG,
ID_S5MA32,
ID_ANJZBA,
ID_NZT2L7,
ID_E4N2P4,
ID_2LPD4W,
ID_U51CCO,
ID_7P7MDZ,
ID_ZOMAXE,
ID_L3HX41,
ID_8E6XW7,
ID_L36A06,
ID_4UUVO8,
ID_AI3L14,
ID_Q3TKJO,
ID_YSLM9R,
ID_16OJ5Q,
ID_BCQDMF,
ID_HESMLO,
ID_LVSQ5Z,
ID_NYSBK9,
ID_JO0816,
ID_YU2FDJ,
ID_WK1H30,
ID_IMZNQW,
ID_SV2X3R,
ID_CUSO3Y,
ID_3UDDC0,
ID_W2SSXO,
ID_WMBNA7,
ID_8VHGC2,
ID_EQZ4UO,
ID_1HERHC,
ID_CGV391,
ID_D83DS9,
ID_QB5VS9,
ID_W4DSPL,
ID_9QKTKF,
ID_HUZUAO,
ID_PTL4H1,
ID_WG2SNW,
ID_Y1YZTR,
ID_TBFXSQ,
ID_S53F29,
ID_TYNKOT,
ID_N6M5PK,
ID_R760HZ,
ID_3PBV8W,
ID_VIF4K7,
ID_JDSXF9,
ID_3VGIYJ,
ID_SPQFBT,
ID_02BG4I,
ID_EJIJRY,
ID_M0JA5H,
ID_5AQZBC,
ID_YMSH34,
ID_42SUHK,
ID_JMWTV5,
ID_719VF9,
ID_0S1YRT,
ID_O6PX6V,
ID_U5WPHP,
ID_380H7O,
ID_9J0SDU,
ID_AJ3XXY,
ID_P89XNE,
ID_RZ2XF4,
ID_UX114U,
ID_8RV42R,
ID_5VJL5N,
ID_9PWE2N,
ID_XGMDRY,
ID_VB1LGM,
ID_1GKYOS,
ID_WHJZDT,
ID_4QSMAQ,
ID_L7B5ZY,
ID_88WB3J,
ID_G0B9R1,
ID_HEHFYZ,
ID_U4MH6V,
ID_1TBLHY,
ID_EFNXPP,
ID_KQOP09,
ID_XDQZBU,
ID_5OFLXB,
ID_6DMT73,
ID_HCNU75,
ID_9IZ1F3,
ID_P85NVK,
ID_FQXMS7,
ID_XBQE3E,
ID_AVZR1W,
ID_XSS3NL,
ID_00CN88,
ID_P2F1Y0,
ID_D3HAGW,
ID_5NGNZ7,
ID_FZ08P6,
ID_8T5VQQ,
ID_SYLIJC,
ID_PMINX4,
ID_9ZTLNW,
ID_H4WXYP,
ID_FLBV3R,
ID_PE422R,
ID_1AI88B,
ID_QMXZFN,
ID_XC2DIG,
ID_SE251I,
ID_UUGCEI,
ID_TD5E6W,
ID_CYN3T0,
ID_0EAGHS,
ID_YB1WQM,
ID_YMWXTO,
ID_HH0TRT,
ID_KOPCMZ,
ID_NTHF58,
ID_3Z4ZA8,
ID_6NNBCG,
ID_QDK3CW,
ID_S0YUCU,
ID_1SR64A,
ID_S1IZGI,
ID_2Z04F4,
ID_QGOZ4I,
ID_6VNA2H,
ID_JYRSLO,
ID_NCX04P,
ID_9ATM6M,
ID_T5U6UI,
ID_JP6T7H,
ID_T07JZ4,
ID_X749KY,
ID_MSDJGP,
ID_D8FVLH,
ID_T07YFP,
ID_YO32FZ,
ID_HHUWFL,
ID_T1S7BP,
ID_DE8254,
ID_J4CTFY,
ID_7P55AK,
ID_8DWBTG,
ID_DV6XYR,
ID_EOO9GF,
ID_DGYDFM,
ID_LXT08Q,
ID_I3UIJP,
ID_3XXPD0,
ID_LRVNMJ,
ID_KVE67K,
ID_BT18EV,
ID_3S1MU2,
ID_EVF4WN,
ID_9OF8WC,
ID_8TKMQ6,
ID_KYZ9TF,
ID_NX3B0L,
ID_81RDIA,
ID_CWS65L,
ID_Y2H333,
ID_TNUM0G,
ID_ECJ8SN,
ID_21Y3C6,
ID_4ZWMDG,
ID_ATGLAK,
ID_C6PAF8,
ID_BNLZ96,
ID_LGXDIK,
ID_QGJBYK,
ID_I0SIZ6,
ID_JG5DXI,
ID_OWNXVF,
ID_QZYMKE,
ID_DCEEFG,
ID_36SC85,
ID_N87PHJ,
ID_VWF9MC,
ID_BI3S7X,
ID_MA976Y,
ID_S4NSDD,
ID_TDNCNR,
ID_MHYI7B,
ID_K48DE9,
ID_KM07I8,
ID_GP48RE,
ID_ZOPA46,
ID_D8JB4T,
ID_41EDI7,
ID_SNVU47,
ID_7FKO62,
ID_S5VX6I,
ID_KNCLXN,
ID_A4BATZ,
ID_J03MV3,
ID_P9OE4S,
ID_Q1PRBG,
ID_Q10V8C,
ID_NOATDU,
ID_W5SLZU,
ID_T2DXWM,
ID_M0NZ6D,
ID_5140O6,
ID_038M7Y,
ID_0S0373,
ID_VWD7DI,
ID_SJYCEE,
ID_25G64C,
ID_PNVJI8,
ID_NE1XAV,
ID_NYUAMY,
ID_247EAN,
ID_UG1YXH,
ID_HUFCGC,
ID_61P0M3,
ID_PTT5EI,
ID_L1W3E6,
ID_1QC8JE,
ID_I2XJEM,
ID_LCNYYS,
ID_TVIRIR,
ID_UEQFZ8,
ID_S3A60D,
ID_CQIE63,
ID_XVY9B0,
ID_D7SJMQ,
ID_XFZUUP,
ID_324AL4,
ID_JEAV4L,
ID_JPAMP0,
ID_RW4P5I,
ID_EVIRS5,
ID_MDXA9Q,
ID_UQPAHX,
ID_6NS4HK,
ID_ETMQAQ,
ID_ZQ74RN,
ID_5GPXQS,
ID_MK8DH6,
ID_RUQ637,
ID_MX89OU,
ID_ZGRGPB,
ID_H0BEQ5,
ID_7OJN63,
ID_JULFW2,
ID_NPV89T,
ID_7Z5XLJ,
ID_HO2XW1,
ID_FOAV7R,
ID_L7XK3R,
ID_VMWD8H,
ID_EP0X8Z,
ID_1CZMIF,
ID_H0KT7Y,
ID_S5FE8D,
ID_TDRGQG,
ID_4YA7II,
ID_IIARPJ,
ID_978KS8,
ID_G0L3TY,
ID_WT4UP1,
ID_UCX4TL,
ID_KA40IE,
ID_EO8K7Q,
ID_YBXQ2E,
ID_UPQ1DL,
ID_TBVSX7,
ID_1F2XZ9,
ID_2KTZ7A,
ID_OTH1N0,
ID_S6O2TF,
ID_Z80DW5,
ID_1S4OUT,
ID_NAMF64,
ID_LOUSFV,
ID_1L4KQQ,
ID_UE5EPK,
ID_A2P6UT,
ID_W4PTZC,
ID_S3HEJJ,
ID_CRPQI5,
ID_JI0TQF,
ID_NDQMUX,
ID_ZBDJC0,
ID_ZNRSZD,
ID_IJE3DD,
ID_HLQ59C,
ID_VEAY7H,
ID_XHZK2N,
ID_JBKVWN,
ID_VVSUM6,
ID_P3BTR4,
ID_0LY60G,
ID_MVAKMI,
ID_ZHRNAF,
ID_5174TF,
ID_C9NZN5,
ID_AQNLKL,
ID_P34AJH,
ID_53HJ67,
ID_K4SMGL,
ID_QZ4U6E,
ID_DDDDUB,
ID_HZMVSP,
ID_XZ18FI,
ID_Q71T8F,
ID_DZEGKM,
ID_JR779G,
ID_OMQRZK,
ID_FDAEGL,
ID_MRRH9D,
ID_XVCFFS,
ID_INCWWP,
ID_QKRGQG,
ID_2G9C82,
ID_Q53E6Y,
ID_Q89KDG,
ID_8VZW93,
ID_PFIDOF,
ID_KQIGTZ,
ID_KALW2V,
ID_5LYCDN,
ID_EX8PI8,
ID_7I83IQ,
ID_UG3ARU,
ID_UTI7DO,
ID_YAXOE9,
ID_YN8P79,
ID_L7HEUA,
ID_X0N8FY,
ID_2HBJBO,
ID_ST5AOS,
ID_PT26S4,
ID_4KLJ90,
ID_W94VQ2,
ID_K33HNY,
ID_82QZML,
ID_3GHNFU,
ID_5MFSCN,
ID_MYKP1L,
ID_6FMKFQ,
ID_WK1FEM,
ID_7S5FLZ,
ID_A9G1II,
ID_83HR4E,
ID_1DQK7T,
ID_Z5YFNE,
ID_UNWYBW,
ID_FHZZU4,
ID_M6PUST,
ID_QY88ZS,
ID_NCXQ9U,
ID_YPBND4,
ID_M7YU6D,
ID_NPM9AM,
ID_NZTYY2,
ID_MZAE2S,
ID_15YF13,
ID_4M34NR,
ID_YD6TMV,
ID_7UFHBE,
ID_OIZS1J,
ID_PSWMYX,
ID_G8ETQ9,
ID_K28TLU,
ID_QEWLHQ,
ID_G98K1F,
ID_QTY7YG,
ID_SR51RQ,
ID_KQX2AK,
ID_RCLAZD,
ID_K0T9NJ,
ID_BWL67Z,
ID_XVXYDR,
ID_WSMS0X,
ID_47EFN5,
ID_99UFQE,
ID_YKSCOS,
ID_RBF418,
ID_509TII,
ID_D2LGCZ,
ID_ZM6HBY,
ID_JX5DMM,
ID_BAO3X8,
ID_79CPNH,
ID_DGCKYW,
ID_GZVNBV,
ID_R4DSE7,
ID_2G0QE0,
ID_K08ADC,
ID_UGZRQL,
ID_WHH6GX,
ID_Y9XB75,
ID_G0JOEK,
ID_RRNVRK,
ID_F6MTWF,
ID_C8XK9E,
ID_6GPVA3,
ID_0H3AE4,
ID_H7K3RP,
ID_QZV21B,
ID_CCN2YU,
ID_5Q9B3L,
ID_YLYJ1R,
ID_4MEC2J,
ID_Q9R96R,
ID_MTZPFL,
ID_2166R5,
ID_W2C6RS,
ID_8MP754,
ID_9BYNB5,
ID_AY1EHH,
ID_8RGWPB,
ID_QWDS00,
ID_WIVDL1,
ID_RI4FEW,
ID_SOBGNW,
ID_7DH3T7,
ID_C525SV,
ID_P829HJ,
ID_CI0CYI,
ID_Z243IO,
ID_QPO40Y,
ID_CVD882,
ID_G9EFH0,
ID_7SF50A,
ID_Q5MJ3K,
ID_EVKRY5,
ID_Y3ONDC,
ID_221Q1R,
ID_MCS1KG,
ID_X2GIFM,
ID_E7UV6J,
ID_X8LQ8N,
ID_59D9DY,
ID_5YIFLC,
ID_HYN2KA,
ID_2ORHDJ,
ID_G584GZ,
ID_5SFSBX,
ID_EP4MGO,
ID_B4H56Q,
ID_UIHDQT,
ID_X9Y0OH,
ID_2778DB,
ID_RM566K,
ID_30HB31,
ID_WQ5K4A,
ID_PK3DTP,
ID_M1U1NP,
ID_KLJQ88,
ID_M5P7S3,
ID_BCF8DQ,
ID_IWNF6E,
ID_9QDVMN,
ID_3LX1CS,
ID_CBBMVA,
ID_TSFL57,
ID_12I2Z7,
ID_P4JYWT,
ID_YHCGHQ,
ID_XTAD5E,
ID_GWAV8L,
ID_RG9JJ4,
ID_E1NRPA,
ID_FVAYNZ,
ID_NTDJYO,
ID_ARUEYC,
ID_DMQ72Z,
ID_MJALQB,
ID_4FJ71T,
ID_ELL4JI,
ID_8MANF7,
ID_6IOCXQ,
ID_PACDCW,
ID_5RWQG8,
ID_2NK3IK,
ID_NVKGQF,
ID_4QXX8D,
ID_7FSAWH,
ID_X0RUYV,
ID_V9IH1A,
ID_2XVW2L,
ID_SAX6L4,
ID_2J1A3L,
ID_FTD7TU,
ID_CZUH6D,
ID_90QFCI,
ID_DANDJJ,
ID_6ZS1ND,
ID_LQQ0LI,
ID_LY3XLW,
ID_J90MNK,
ID_37A8D9,
ID_DX2E7V,
ID_VHZT5P,
ID_RLWVLJ,
ID_U6RLZ3,
ID_K2N88C,
ID_H9XSVK,
ID_MY2FXC,
ID_UECN3X,
ID_4CR27X,
ID_QQP07W,
ID_46B2J5,
ID_7OPBNS,
ID_5MHP0P,
ID_TOQFWE,
ID_MKA83X,
ID_VMWXAV,
ID_DY8UCA,
ID_TRBO4H,
ID_MJ6PWA,
ID_CPDUIN,
ID_MZYN25,
ID_QV0W7C,
ID_IH4JKD,
ID_IW3P4H,
ID_LFUHDH,
ID_M1KQR1,
ID_JAP6E1,
ID_IGK4KZ,
ID_RBTPQ7,
ID_G56LOX,
ID_Q402M3,
ID_ETZXQY,
ID_FTASVM,
ID_UWT83U,
ID_SW6R6G,
ID_NCLKPC,
ID_XYGIM6,
ID_TFKMLD,
ID_4JKVJA,
ID_HDN68J,
ID_16M0UF,
ID_4RA57J,
ID_FHYYYU,
ID_MIJVTX,
ID_I4VJW3,
ID_626RCM,
ID_KXQ2G9,
ID_2VOXM5,
ID_YK8I3Q,
ID_PK9M3P,
ID_PZEBRO,
ID_B4K87E,
ID_8UH2HZ,
ID_VIR0G9,
ID_9GX3MO,
ID_PZTBU6,
ID_PII2GM,
ID_9QTH9P,
ID_52D2MQ,
ID_E2Z4KX,
ID_M4OO1H,
ID_37UGSM,
ID_A06WV0,
ID_6DIRM8,
ID_WIDYRD,
ID_S5U3BT,
ID_8NFDSB,
ID_UFMCCE,
ID_U3CMYF,
ID_3EED8P,
ID_KV0XYZ,
ID_9AGX2V,
ID_HBEC1N,
ID_Y4133N,
ID_C4GJ41,
ID_813R0M,
ID_6YZYAA,
ID_VF1Z75,
ID_EJPF7V,
ID_DGL0O2,
ID_TRV5LL,
ID_84YP3T,
ID_HQH0UX,
ID_ZJ342F,
ID_OBMILN,
ID_HX4LLT,
ID_8GN13B,
ID_5HIGDK,
ID_PDNSF6,
ID_M30885,
ID_IY3TU8,
ID_JI14KM,
ID_BVWCPG,
ID_VR79CZ,
ID_BN5OXD,
ID_84AOZA,
ID_335FRK,
ID_8F3PRY,
ID_XEUK32,
ID_56025P,
ID_WZJVWF,
ID_9L6W70,
ID_E7FTWA,
ID_ERTZH1,
ID_CLQBG8,
ID_ZQWAK9,
ID_8KIURL,
ID_F8EVAA,
ID_XEXZ1A,
ID_QWF4IH,
ID_BJSWLH,
ID_GMZXKH,
ID_XBFUNA,
ID_QYSVDS,
ID_VBG7AY,
ID_NHG86V,
ID_BXL7N1,
ID_PEYN8S,
ID_6I72F4,
ID_TLRHC3,
ID_ZQDCNF,
ID_22I6OZ,
ID_JIRMNR,
ID_B5YS6R,
ID_Q9JBB9,
ID_WA1899,
ID_4TGY6C,
ID_FW20LA,
ID_J0YT53,
ID_NTX5PM,
ID_JD40IC,
ID_UAAHI4,
ID_XFW5TC,
ID_CPBAH5,
ID_VQCH6O,
ID_SIXO36,
ID_9ZET4Z,
ID_BQR445,
ID_PT5LM0,
ID_J44861,
ID_R1OI1Y,
ID_G9U1EJ,
ID_LUQRJD,
ID_7N84IO,
ID_OJ2M9S,
ID_BGB7J9,
ID_WMPHSV,
ID_QUCDX0,
ID_5SABBF,
ID_CV2LE7,
ID_YTSXBK,
ID_6TZ89W,
ID_F9X224,
ID_3QXTIG,
ID_SBBCAP,
ID_DF15W1,
ID_1SZ8EA,
ID_W09R2F,
ID_SCY5WV,
ID_RJZ2JM,
ID_ASLZSR,
ID_IOZLNJ,
ID_1SKJ6M,
ID_N4HX23,
ID_JS1J91,
ID_ETF3UF,
ID_NYGSMO,
ID_ZEYLWR,
ID_RPUFYO,
ID_ZES4IU,
ID_DRDC3H,
ID_NNAI9Y,
ID_CNNLOE,
ID_7R7205,
ID_1HJROT,
ID_3JG8UI,
ID_UWM54P,
ID_AIF5Q9,
ID_Q3NUT4,
ID_BQJ81G,
ID_PY0VNE,
ID_J04LSN,
ID_C4RZCT,
ID_PWGDB1,
ID_CWIGFX,
ID_E2XSA9,
ID_YITO6M,
ID_NZO2V4,
ID_7WN7W4,
ID_JYNTZU,
ID_FJM2SQ,
ID_UC78K8,
ID_9153LG,
ID_VFB452,
ID_VOB7Q3,
ID_PFIGUU,
ID_LHT1MU,
ID_Y35MPV,
ID_0735X4,
ID_9VQICP,
ID_BYTMQ3,
ID_5F4JDS,
ID_MT3U6J,
ID_538DSF,
ID_DLL7M9,
ID_6UAJ3Y,
ID_LYOD4X,
ID_H5OB1I,
ID_61CG30,
ID_7W9ON5,
ID_YBJT3Q,
ID_QKR37H,
ID_M61PT7,
ID_LXEF76,
ID_5VPYRE,
ID_Y7AHZF,
ID_J9Q7CT,
ID_74OB4A,
ID_KUUZUU,
ID_0JWXSH,
ID_OES29H,
ID_NIL5Z9,
ID_WOFJKR,
ID_9ALMX4,
ID_049GOO,
ID_XUGZZ3,
ID_Z10HI7,
ID_XGMZY4,
ID_2ZFBPG,
ID_EAXTC6,
ID_QT2T5E,
ID_JMORTU,
ID_053FX5,
ID_V8XX8C,
ID_914DUY,
ID_U1NEGL,
ID_XMPWKP,
ID_1I9L04,
ID_0M2QHV,
ID_KITA52,
ID_KCSACO,
ID_02B9VP,
ID_1343OT,
ID_0WZYQT,
ID_DDIDHB,
ID_5JKHQ7,
ID_MHBYE0,
ID_5PYLRE,
ID_1YD0R5,
ID_RPCAXO,
ID_3GAKSD,
ID_TVJT8O,
ID_MZI6XA,
ID_I9GDTH,
ID_T4K6W5,
ID_8IYB3Y,
ID_8YQ2UD,
ID_SOYB1Y,
ID_TFVK4S,
ID_TNG9N9,
ID_7EJSOR,
ID_XFTSFR,
ID_CCY0V0,
ID_JSEQ8Q,
ID_L5H68C,
ID_GAAX83,
ID_WPM54L,
ID_JNA4T9,
ID_M232IE,
ID_WPRX1R,
ID_XERMI1,
ID_P2WV3O,
ID_6W1AH4,
ID_1YT6MU,
ID_BQK1M3,
ID_WYM79Z,
ID_E6K909,
ID_64A9OC,
ID_DE96QJ,
ID_M032TY,
ID_OGS5OH,
ID_A84V03,
ID_HYMJDV,
ID_OOYG3R,
ID_F3Z79Q,
ID_GSXI9Y,
ID_KOB3ZM,
ID_595WX1,
ID_G0BRSN,
ID_UVO2RK,
ID_N9FNVM,
ID_QSQ5WZ,
ID_R39CZU,
ID_V8KCM2,
ID_XVTX2A,
ID_YKZ1CY,
ID_XPXEJY,
ID_NOG3OY,
ID_AP15VO,
ID_EY7D8F,
ID_9HS5AU,
ID_PEW8W3,
ID_ZVEQ52,
ID_KQS49S,
ID_MHNY2K,
ID_9VO42X,
ID_NEMQ9C,
ID_JYU33Q,
ID_ZQ5YMD,
ID_CRUIJR,
ID_09XVC7,
ID_EOBGHX,
ID_4P3T7W,
ID_VX1DKA,
ID_8CBYPZ,
ID_7KRWKR,
ID_G37VMC,
ID_MU61DY,
ID_F6KQ0N,
ID_SDV9VL,
ID_Q3O4F6,
ID_DY7S9B,
ID_IXZH4Q,
ID_98X1AN,
ID_GLZK6Q,
ID_EK9VAF,
ID_HH2U01,
ID_6ER104,
ID_YOB82P,
ID_FU2VH8,
ID_P957HJ,
ID_5UNUMJ,
ID_43N7JT,
ID_D76161,
ID_JCOOW3,
ID_5KL77Z,
ID_GYBBF9,
ID_SK8NOT,
ID_RRAGBQ,
ID_QPMZ56,
ID_S715FU,
ID_7MSB9R,
ID_TDMC24,
ID_NKBD5U,
ID_A9SOG1,
ID_LZOM3M,
ID_NIR9K8,
ID_9AKX8U,
ID_NOVOT5,
ID_VUTW7B,
ID_K6VHN3,
ID_A4ITAV,
ID_4A0E35,
ID_FPOX1F,
ID_QSE8RI,
ID_XS25IH,
ID_X1R30Z,
ID_D5FJT1,
ID_ED458I,
ID_W7VAF8,
ID_VVAZE1,
ID_F9DHE5,
ID_D9ZDCY,
ID_P1NI77,
ID_VRXTQW,
ID_NBGLLM,
ID_OHBXR8,
ID_HXFBN6,
ID_YQ95O5,
ID_X70C0F,
ID_98AN9R,
ID_IM3MZQ,
ID_S4SYU9,
ID_7RKFPD,
ID_SQ7AAV,
ID_VGFB1N,
ID_RWA32Y,
ID_HOZ24C,
ID_9GT2NW,
ID_DAYJJO,
ID_A51CUA,
ID_XWU1OL,
ID_Z7MPRA,
ID_TE7LYF,
ID_NUFSHD,
ID_MBOYZ1,
ID_IEJ0JB,
ID_LBSMQH,
ID_W18Z1F,
ID_I98D34,
ID_7YWB1C,
ID_71JU80,
ID_S14PWM,
ID_W9KMHZ,
ID_ETPTQF,
ID_O5VEW9,
ID_W8LIVI,
ID_42TK9Y,
ID_5UCBSM,
ID_LPW6PH,
ID_HDNCTI,
ID_3W8QZG,
ID_37AW5U,
ID_13O1MU,
ID_JH4GVV,
ID_X4IK6R,
ID_NOU3F0,
ID_GFYBM3,
ID_GWM3YX,
ID_95B63Y,
ID_4IP5PG,
ID_S63YHP,
ID_63XGS1,
ID_ZA4Y1A,
ID_U00OFW,
ID_GAJ6D1,
ID_6CWHIN,
ID_OXHAPK,
ID_V4TMV3,
ID_QUKWAT,
ID_PS9GXY,
ID_D7MVWX,
ID_ZX1GS0,
ID_6B7UEM,
ID_5CG83L,
ID_8MX4D0,
ID_DCLTEG,
ID_646MRG,
ID_FF2E95,
ID_IAA5ZR,
ID_XVW8A3,
ID_S3EJLD,
ID_N71872,
ID_O7K8CE,
ID_72GW4G,
ID_8GWC1U,
ID_12Z10X,
ID_MZPMEL,
ID_5Q7O1B,
ID_831VYH,
ID_YX5X77,
ID_LKCG94,
ID_29LKBJ,
ID_C5Q19Z,
ID_I8LJEO,
ID_CZP7EF,
ID_YWU551,
ID_W5PX5B,
ID_G4MO0G,
ID_B7FQMY,
ID_S88K4V,
ID_58H35T,
ID_M3MSV7,
ID_98AAAL,
ID_8LMURV,
ID_AFRH56,
ID_L8GV8J,
ID_J33V16,
ID_GCCZHV,
ID_4YH37A,
ID_495TE0,
ID_9DIBM5,
ID_0SHAUX,
ID_RB11O4,
ID_Y5YTI4,
ID_7GKGBV,
ID_93K5BG,
ID_XKFFLA,
ID_UA2PRP,
ID_6K7BNJ,
ID_APGLUY,
ID_QPGJD6,
ID_YFT3C3,
ID_2TL1D1,
ID_90H0II,
ID_BFV5FK,
ID_969JCC,
ID_S75VBX,
ID_GHTAKG,
ID_CX40HG,
ID_OA0P0H,
ID_31VZHR,
ID_EMD208,
ID_PHEIF7,
ID_T84WTC,
ID_1LEPZ5,
ID_41C140,
ID_14LTGJ,
ID_11YDYF,
ID_R18WYH,
ID_OESZBH,
ID_REAWYX,
ID_EAFM97,
ID_XAA80M,
ID_FWA7Q0,
ID_QC6KUX,
ID_VORW42,
ID_H3AU20,
ID_M2QS6O,
ID_9XA8XH,
ID_XP0AUC,
ID_6UO0IH,
ID_XWUFW0,
ID_595E3M,
ID_ZDZRBJ,
ID_7W9EKY,
ID_U06VFJ,
ID_59DGK9,
ID_7D65PH,
ID_EPVVFB,
ID_N7N6BM,
ID_SFNCYL,
ID_EMLIRK,
ID_09UAI2,
ID_XTNCTP,
ID_2Y1GUZ,
ID_07KNU9,
ID_JOZRLS,
ID_PV5KCO,
ID_XOXN1U,
ID_AVLWS9,
ID_D0TU1D,
ID_42FVI3,
ID_M7KDH5,
ID_6FD2P9,
ID_V20FWM,
ID_TLVXUA,
ID_H14L0H,
ID_47HWT5,
ID_PUVL4D,
ID_7CO92G,
ID_ES4PDG,
ID_DYSX2Q,
ID_Q2SVYC,
ID_ISTR8L,
ID_AP2C15,
ID_S1KM4T,
ID_XH4T0A,
ID_D39QMS,
ID_GFUZ84,
ID_ISHOVX,
ID_JA2OHA,
ID_O35OBE,
ID_AYM236,
ID_TY4JEH,
ID_WKB3MU,
ID_GJ55L8,
ID_1CDVZT,
ID_34ZH9C,
ID_7JC7LN,
ID_8Y90G0,
ID_WP084P,
ID_M5EEXO,
ID_RFVVJ5,
ID_B1E0EA,
ID_OQRKN9,
ID_PHMMTX,
ID_NE3OPC,
ID_8KV13B,
ID_ULG23V,
ID_CELVIK,
ID_CWJKKL,
ID_XNC2VL,
ID_CCKDEW,
ID_36JSW6,
ID_OCNTMD,
ID_J0G9JY,
ID_TUMH6N,
ID_2ZUR2B,
ID_MGDN2R,
ID_EEC9QH,
ID_U6TLEP,
ID_SY0AGI,
ID_ON9KB3,
ID_2DGUZO,
ID_UIC1DK,
ID_6N3GE6,
ID_CFYAJV,
ID_YZW4XZ,
ID_1SN83Z,
ID_P8FF46,
ID_WWON37,
ID_RV3CKA,
ID_XFVJJQ,
ID_LLYK8L,
ID_26WBUY,
ID_BU7Q7Q,
ID_VI30Q7,
ID_LBQGC0,
ID_XB0O1I,
ID_4UNWRN,
ID_DBJ6NG,
ID_I10393,
ID_CDA66Q,
ID_5OVGX8,
ID_1V7YSW,
ID_W3AR9O,
ID_QQ16T5,
ID_IJZ4QU,
ID_EVQI4N,
ID_U7PEGP,
ID_ZD1ZX3,
ID_74YZM6,
ID_Z8I1XO,
ID_DC5MQR,
ID_E3YMRV,
ID_POP9QP,
ID_7QXK1Y,
ID_R49DC9,
ID_DOQ7PM,
ID_K3BVZD,
ID_62L6LS,
ID_Z6Y8VT,
ID_LQJA29,
ID_LCTFPI,
ID_VC5SAM,
ID_95OM7C,
ID_CWSIE1,
ID_WPA64H,
ID_FQN9TA,
ID_8W823E,
ID_0216G3,
ID_T56WGE,
ID_J83P1W,
ID_92DS7T,
ID_RIQKSA,
ID_39YIB8,
ID_4YDPLE,
ID_N4SNJ1,
ID_1V5N3Z,
ID_8ZDC99,
ID_MK7XVU,
ID_FTU4KY,
ID_RMPP6I,
ID_PMUBCB,
ID_KPOKU3,
ID_R0Q302,
ID_W0P712,
ID_UFPN5E,
ID_2KNYAD,
ID_AHR0RB,
ID_XY1CT0,
ID_EY9UU1,
ID_2WPRCU,
ID_HMCGMW,
ID_PV3M3R,
ID_1RZSL3,
ID_0DOEXV,
ID_18AL41,
ID_R2FJIZ,
ID_7INWOU,
ID_Y7XGDW,
ID_AO30EN,
ID_CCYNBH,
ID_47SZYK,
ID_WI4PEF,
ID_GIIK4L,
ID_08MRRN,
ID_7EORDR,
ID_B10497,
ID_67QIOB,
ID_RRZKD6,
ID_8KF69O,
ID_RON5MZ,
ID_73F6NI,
ID_AHEBIS,
ID_94S6TS,
ID_BDT7ER,
ID_8ZU774,
ID_VBPEWR,
ID_VDL8EC,
ID_C7F7HE,
ID_2X0RCU,
ID_1JB4VI,
ID_CWM3MF,
ID_IJ2CDM,
ID_IEV3VC,
ID_3HBIG9,
ID_I2OI7E,
ID_26KM9F,
ID_CYZY88,
ID_G92RA6,
ID_1X7T9H,
ID_3TZ0Y3,
ID_W915RF,
ID_H7NC3W,
ID_70TM9R,
ID_X3FVBX,
ID_1YU40H,
ID_6LN7R3,
ID_WLHISY,
ID_8ZO3QC,
ID_5KKL1D,
ID_U0Z8CO,
ID_YUJE0M,
ID_D2G7DU,
ID_D424MN,
ID_KDC3ZO,
ID_0GD5OB,
ID_KRYZ7P,
ID_9GHT0J,
ID_98FVU3,
ID_44W33F,
ID_WRZDQC,
ID_C2HM4W,
ID_CK2HZB,
ID_9V3NUA,
ID_IPXLFY,
ID_MIMTQO,
ID_L424PF,
ID_TEQCGR,
ID_IDAQUB,
ID_I7YIN8,
ID_4HNDPN,
ID_OFLR97,
ID_RJK8RN,
ID_L4VS0P,
ID_DBXIQP,
ID_44H0G3,
ID_3DW4UO,
ID_IVTYF2,
ID_5S8RTP,
ID_MG8NUA,
ID_YPQOAO,
ID_P1YN8E,
ID_8LDKBQ,
ID_Y4HC9E,
ID_0DD96Z,
ID_1VIB0Q,
ID_WQ8HCA,
ID_JD9FEJ,
ID_ZHGNZW,
ID_BXWL96,
ID_RAXNOO,
ID_ROUOXU,
ID_FVKGSJ,
ID_JV03HO,
ID_FDN8H5,
ID_I6NHJJ,
ID_ND7Y7T,
ID_VNUGDK,
ID_82GNSH,
ID_NW6KG0,
ID_K8K9Z7,
ID_JH9SJ2,
ID_3QRAWE,
ID_PR5FC8,
ID_5X4NK9,
ID_28N9CY,
ID_3LII3R,
ID_EVZ0VW,
ID_YWDR3H,
ID_MXY3JS,
ID_UNLS50,
ID_T4DNAP,
ID_02N01X,
ID_4J0OLW,
ID_YKNFDY,
ID_ARRMAR,
ID_PGP54J,
ID_OI84PG,
ID_8FM4QP,
ID_XP0QHY,
ID_9KC63N,
ID_LO3HWW,
ID_8DKZDM,
ID_AUXX55,
ID_S33EGS,
ID_B6ZCZ9,
ID_NVWC18,
ID_YF5GAO,
ID_DXO8VR,
ID_PVXW2X,
ID_HT6E4I,
ID_PDMNO9,
ID_P8ZAZA,
ID_7DW2MI,
ID_7209OQ,
ID_JLFKN8,
ID_X54IYF,
ID_NH5II2,
ID_I3GE1S,
ID_9Q4DY6,
ID_17J1AE,
ID_Q2JPNN,
ID_EJ5NL2,
ID_69Z2PI,
ID_6YLRWN,
ID_R6OGYF,
ID_RZTNR6,
ID_ZB7HG8,
ID_V11K6Q,
ID_CPBKU9,
ID_E8GBJ0,
ID_BZAOL8,
ID_E96NEI,
ID_J6G3KU,
ID_87EAEH,
ID_DT3U8V,
ID_4EU3UF,
ID_ZLVS16,
ID_G7GMI9,
ID_0F2OSM,
ID_2D3HOA,
ID_JF6WU0,
ID_R2CIJR,
ID_Q9SQ5X,
ID_FCX1EN,
ID_3Q0ZM6,
ID_COMA0X,
ID_FU707U,
ID_JMG5NA,
ID_KUB4FS,
ID_UGDA1R,
ID_4HQI41,
ID_D1Y7QS,
ID_3X8HKK,
ID_GC343E,
ID_BX87FN,
ID_X3Z8JN,
ID_GQJLV6,
ID_NT94YJ,
ID_NNCJKN,
ID_ELWZVG,
ID_R4HIZU,
ID_4HU6AI,
ID_TZWTGF,
ID_J1EM6R,
ID_SR00A8,
ID_2JILHO,
ID_09YBJ1,
ID_RDM9B2,
ID_S9CBKD,
ID_JYKCD5,
ID_EL2DL9,
ID_3KGS28,
ID_QDBN8A,
ID_9X6FUV,
ID_PLRI7Z,
ID_VERT4L,
ID_K7A66E,
ID_AFPJ6U,
ID_1XS3CL,
ID_I7QA80,
ID_KWBX5T,
ID_HO5HO6,
ID_Y0S7JE,
ID_ID7H90,
ID_OQW9M6,
ID_3DC70Y,
ID_7DS87I,
ID_8TCQOO,
ID_C8VESK,
ID_4Q8LM1,
ID_480JSA,
ID_D13FZH,
ID_ZE6RSA,
ID_DS9VXA,
ID_UQM8FG,
ID_7OHCZD,
ID_9KLWW7,
ID_TPF2X4,
ID_8C2VTW,
ID_RBIXW1,
ID_A4EA11,
ID_2ZWHQ5,
ID_LHJ0LU,
ID_G9DUL5,
ID_8Y3M96,
ID_OVP4ZM,
ID_DFKEK8,
ID_N1CIE2,
ID_F9CT3W,
ID_UY6B09,
ID_M7RBZ2,
ID_DKW1AJ,
ID_3NJ92A,
ID_NX33YZ,
ID_5DJTYY,
ID_GTJ8R7,
ID_V8W26M,
ID_7I9ZSO,
ID_ZPREP8,
ID_7UYE3X,
ID_PTS5BM,
ID_0CFRV9,
ID_JBFZ7E,
ID_AIFZ6Y,
ID_3S1E93,
ID_2GPAH9,
ID_7NI29T,
ID_C3DICC,
ID_2OHNBJ,
ID_4XPIAG,
ID_YWXT2Q,
ID_YK3BIX,
ID_RVSE6F,
ID_1RGX07,
ID_V5PF0C,
ID_EQVF3M,
ID_EM8JO0,
ID_YF9588,
ID_SHKLY8,
ID_SRP27K,
ID_3JDVTN,
ID_M7TTQ9,
ID_L0SGS2,
ID_DGCAAQ,
ID_DBFB8V,
ID_NAIWXY,
ID_B13O4I,
ID_Z37CV3,
ID_GECNIM,
ID_ZI888V,
ID_9LXC9Q,
ID_55FMZU,
ID_Z5BXPE,
ID_R5YDEX,
ID_HF1B18,
ID_DL5VVH,
ID_VJSCIT,
ID_829R58,
ID_DNZPCP,
ID_A4MN99,
ID_B5B0DA,
ID_6Y68CQ,
ID_5105WG,
ID_8B86NB,
ID_67071Q,
ID_RY8YYM,
ID_VSA579,
ID_7ZNAO8,
ID_24V283,
ID_57GCY4,
ID_RUB9HQ,
ID_KCDL95,
ID_G3IF6J,
ID_BBO9MB,
ID_OQHJYN,
ID_YS6ICL,
ID_LKP0OR,
ID_I1X8UI,
ID_FTPP9O,
ID_B5UWTN,
ID_X5SNGP,
ID_WZXYF6,
ID_7L416S,
ID_G6951X,
ID_TD0ZQ8,
ID_JLTTPS,
ID_A4N8WR,
ID_LHTB94,
ID_W7MNWE,
ID_HQN728,
ID_PWNN4Y,
ID_8FCK1E,
ID_M8AUEU,
ID_YEP415,
ID_R17WYG,
ID_5JAXQ5,
ID_XSUL3L,
ID_Y3BBKT,
ID_C4BFIT,
ID_7FTMSA,
ID_IRIC16,
ID_JFVI8E,
ID_10H9PO,
ID_6NJFFS,
ID_9D2TLX,
ID_R7ME0H,
ID_P0CUD2,
ID_SBNLMM,
ID_GKO9PZ,
ID_3PVXEH,
ID_WSD7EL,
ID_7L3DTG,
ID_9AIGE2,
ID_PG24MC,
ID_FW65BU,
ID_P3TP19,
ID_4410AP,
ID_QJC2U1,
ID_9A3SPT,
ID_Z9Q89T,
ID_TP7OUQ,
ID_DUEHG6,
ID_GTHSWE,
ID_BW6PHB,
ID_SHZHJ4,
ID_1GHK67,
ID_ZUJYFO,
ID_WN1EXS,
ID_F7DBOB,
ID_LM4D56,
ID_VNF5IL,
ID_4AU09F,
ID_N9W8R3,
ID_YWRCR8,
ID_2PMTOI,
ID_XU113L,
ID_LQ9V26,
ID_6H9ZTN,
ID_RFM7DH,
ID_CE7PP3,
ID_4Q1K4D,
ID_TAQ97K,
ID_NS260J,
ID_QH805F,
ID_HA9W2S,
ID_XLBJ1C,
ID_0NS9V8,
ID_FROLNE,
ID_5419X9,
ID_2HUZA7,
ID_PK5U27,
ID_1FIY6I,
ID_FII074,
ID_FA72NU,
ID_YKS4UA,
ID_06OP33,
ID_SX6QGC,
ID_3BWO4M,
ID_0SN268,
ID_HXL0HZ,
ID_HFXUR1,
ID_VFLD2J,
ID_IBR6QT,
ID_9MMQ4M,
ID_L5P2WA,
ID_PKA10M,
ID_19TBBY,
ID_6YBE6Y,
ID_1XEWTR,
ID_ZA6CQX,
ID_LFVDRV,
ID_W5QLTS,
ID_WKQF8N,
ID_RDBERM,
ID_MNM44D,
ID_W9XEQ2,
ID_48HL8B,
ID_0QEENZ,
ID_W4SQ4B,
ID_UU6BGW,
ID_U1M2LA,
ID_C9N8D1,
ID_EVT9D3,
ID_F4MSFD,
ID_ZQVJA2,
ID_QPA6AO,
ID_E5YTJT,
ID_UXE4BW,
ID_CG70WH,
ID_S7P0KO,
ID_S9ODYL,
ID_HYFRQU,
ID_4AIHSG,
ID_31AIVH,
ID_SDDBLI,
ID_HL779A,
ID_5960Z5,
ID_TESIVD,
ID_7956M4,
ID_2QRCQ3,
ID_Y3I9BW,
ID_PRNUOK,
ID_0N8JI9,
ID_51H9LP,
ID_5L2WUI,
ID_FK280J,
ID_0RY6YJ,
ID_8BKCUX,
ID_LHWOBK,
ID_D8U9SZ,
ID_7H0RZ7,
ID_PATJJE,
ID_ZG99NL,
ID_WGLS18,
ID_NPTCTW,
ID_A0BOLB,
ID_U3D83K,
ID_O8S45W,
ID_T0QPKM,
ID_AQF352,
ID_RI74OT,
ID_AHWBH0,
ID_RLZN93,
ID_KKTCV5,
ID_T5JF7E,
ID_94T3BS,
ID_HUKFU8,
ID_E1Q09G,
ID_0OQGR8,
ID_6017YM,
ID_QM0SZS,
ID_8OC78Z,
ID_C3GT1T,
ID_K377UQ,
ID_9YXIMC,
ID_5MRSMJ,
ID_1MCJCT,
ID_1LREYV,
ID_VAGYKO,
ID_8SS2TB,
ID_V5XO2E,
ID_1CZFAQ,
ID_MFEHA7,
ID_QDIX3T,
ID_B4A6L4,
ID_GH93BE,
ID_X7R927,
ID_X1ROV5,
ID_I7Z3EP,
ID_UYF9TE,
ID_XQE516,
ID_CP4LP6,
ID_ZIQU2O,
ID_N3J7GN,
ID_OV5RKI,
ID_A1XZ2I,
ID_OI4RSA,
ID_QJTPKT,
ID_OTJ5TK,
ID_FYGF2B,
ID_D4VJ60,
ID_3RX5CZ,
ID_CA8INN,
ID_MVXWNZ,
ID_GJGKSN,
ID_5LTQ00,
ID_T2U6CT,
ID_AJ5975,
ID_HDSFBU,
ID_BDODEH,
ID_CCA8T6,
ID_PGJVJD,
ID_MSVNAO,
ID_9TR60F,
ID_78SEV9,
ID_CI2OP8,
ID_1G794E,
ID_5WJ0HV,
ID_FYNC5E,
ID_CP9LR0,
ID_OFEP2P,
ID_IRNL05,
ID_5FT07S,
ID_QKMNW2,
ID_HEC6GM,
ID_WY1UX8,
ID_BKWQ2V,
ID_J853GJ,
ID_PB36BO,
ID_FL88AA,
ID_EDIJDH,
ID_CV1TUN,
ID_6SHE0L,
ID_XSE4YQ,
ID_YQE1EO,
ID_JOMEPL,
ID_O55EE9,
ID_W8KRFU,
ID_SG64NE,
ID_F9TJZ3,
ID_35H3AV,
ID_2PRD2Q,
ID_NTA49S,
ID_DEFVW8,
ID_4MJCO2,
ID_YSY33J,
ID_045OCN,
ID_1XDNRZ,
ID_PIUF15,
ID_HY5IQJ,
ID_31EPS5,
ID_NHMQ42,
ID_NEP6V0,
ID_QF0QAY,
ID_GFIVXQ,
ID_HC3MYU,
ID_QI3V4B,
ID_OWRWN0,
ID_36LYJJ,
ID_DHVHFR,
ID_3L09W3,
ID_YJRKBO,
ID_YZVUWL,
ID_0DXDDN,
ID_5YLQ07,
ID_LBEPUA,
ID_4VT5AG,
ID_X17EPZ,
ID_UHAWHX,
ID_GPKDED,
ID_688ZC4,
ID_LBX7W9,
ID_5C0P03,
ID_NPDH01,
ID_KSVO06,
ID_9ZY0RE,
ID_5LXNA5,
ID_DXSVEO,
ID_FLL9OV,
ID_9NRJH7,
ID_PEESBM,
ID_Q8R2JY,
ID_7576P8,
ID_D1XNGF,
ID_RMKENY,
ID_03E0FV,
ID_7DQOCR,
ID_XGN3N1,
ID_04WCBM,
ID_WXBOUL,
ID_RBSMS0,
ID_4AUU4O,
ID_M4BRGF,
ID_ERFNOH,
ID_0W3YCY,
ID_I42YVA,
ID_SL8OJN,
ID_UNC0HV,
ID_8AK79D,
ID_CZ53T5,
ID_TVWM5F,
ID_54017F,
ID_Q1PPVS,
ID_CIVZBQ,
ID_ROEDOR,
ID_3JURBK,
ID_6620E4,
ID_M7XOBX,
ID_XOSP8W,
ID_7SUVR7,
ID_YX8FF8,
ID_3BCFGX,
ID_GONSCR,
ID_3C4LVJ,
ID_APD5Y1,
ID_TJG6MU,
ID_CQS8T3,
ID_VX09LC,
ID_9KXS57,
ID_PQ38BK,
ID_ALL9K2,
ID_53Q1QA,
ID_A77F5X,
ID_R6ONCR,
ID_PA77Z1,
ID_R5ACZ7,
ID_DTCX8P,
ID_2XULZL,
ID_96T8PL,
ID_SMY35P,
ID_LI66G4,
ID_0I3ZW8,
ID_2SCZTY,
ID_JY4DTG,
ID_LW71QW,
ID_G42UXR,
ID_PD3SWY,
ID_8EHK2T,
ID_ZFVB0S,
ID_XTPV13,
ID_E7WWGJ,
ID_S48VH9,
ID_MBUTWV,
ID_F0B6WT,
ID_YO3FVX,
ID_FZ0GJQ,
ID_SWKOA4,
ID_A3LQZG,
ID_7DCMA8,
ID_VQOBW5,
ID_A76UOD,
ID_MB1GJ1,
ID_TXTZNP,
ID_K5HQ97,
ID_GEYK7F,
ID_GCV09X,
ID_CVSBRX,
ID_92CCTK,
ID_Z2UDL7,
ID_8VBGOE,
ID_CI9LET,
ID_RWXQ5V,
ID_PQ3EZL,
ID_TG8VDH,
ID_67IYO2,
ID_KVIVY8,
ID_ORGJ21,
ID_H0GFKO,
ID_2DWJ4A,
ID_FEA22W,
ID_YWML9I,
ID_X0NQ1T,
ID_2L1B8P,
ID_E1GELE,
ID_6BHYR5,
ID_K3WJR0,
ID_ZNEXA7,
ID_1BGWGE,
ID_MHTDTO,
ID_WCXS71,
ID_1H8WAU,
ID_LTF2MH,
ID_J3SLRV,
ID_JCYNOU,
ID_I69XBM,
ID_S5SF84,
ID_MO3BRY,
ID_WXK3RH,
ID_ISSEAJ,
ID_VHN8NB,
ID_EYRLEW,
ID_HHKOK5,
ID_TVECKC,
ID_02QIN2,
ID_8UVYEP,
ID_A5QWW4,
ID_0EYW11,
ID_PF2TLW,
ID_OF8P55,
ID_BAFWHD,
ID_3G95N0,
ID_B17ZUE,
ID_G0RUPF,
ID_Z3J73L,
ID_85TFZK,
ID_OB94RV,
ID_LHQ2SC,
ID_HBU93F,
ID_AUDY1Y,
ID_9VEAOQ,
ID_37O2UA,
ID_CA66FQ,
ID_1BMJC4,
ID_CVPU7D,
ID_AA1M1W,
ID_H8WBAV,
ID_WCM7AJ,
ID_KEL6GC,
ID_7EWMWD,
ID_UQAXD1,
ID_J9LUYQ,
ID_YTDALZ,
ID_9QOWBH,
ID_3C7PYO,
ID_OY8TEN,
ID_VWNJKR,
ID_AJOPZ3,
ID_5EQM1K,
ID_K87BQI,
ID_U4GE45,
ID_LSWVAZ,
ID_7SXH0C,
ID_X9VSEM,
ID_402E1P,
ID_Z5FQXC,
ID_WPYVKU,
ID_ZX8OYM,
ID_MDX722,
ID_9XO3LV,
ID_F63F51,
ID_NYXUI1,
ID_8EDXI0,
ID_RIEVIN,
ID_1T2M6I,
ID_0NYPTB,
ID_EYFKNP,
ID_8QEKO3,
ID_Y1QE77,
ID_Z6AXCI,
ID_5DN0AK,
ID_UDZ7VF,
ID_YP8CUQ,
ID_DOS1MC,
ID_MGY5BY,
ID_EYVLCZ,
ID_UJQU5T,
ID_VDYX5K,
ID_JZYC9I,
ID_Z30PMI,
ID_95V039,
ID_7BAA7Q,
ID_ARJD1J,
ID_H1OT9D,
ID_PSJ110,
ID_MLCY21,
ID_4ZTJYF,
ID_V7ACCY,
ID_T4XR1I,
ID_0FPM1I,
ID_K2PD0J,
ID_RDR62I,
ID_878FPL,
ID_8TZJVV,
ID_6OZXNU,
ID_MDQA75,
ID_42NQBI,
ID_Z542X4,
ID_IGAI5R,
ID_DTTXTI,
ID_2PZXT5,
ID_7XPAUP,
ID_OZHAB3,
ID_ZJIYET,
ID_OZ1J5B,
ID_FOXQ2T,
ID_I1CF5P,
ID_OUMJ9H,
ID_OP45XV,
ID_CICQIK,
ID_L3EPEA,
ID_6AKXSP,
ID_X99H3L,
ID_EAJO4Q,
ID_IJ85GD,
ID_6F9WOY,
ID_SK7B3S,
ID_009Y2B,
ID_HJ5DSQ,
ID_JJCCZQ,
ID_UWKHEQ,
ID_WEGD1J,
ID_W940NB,
ID_NURDWR,
ID_VSZWL6,
ID_KCEWMZ,
ID_6ISNEK,
ID_OUXV2R,
ID_H54RKB,
ID_6YX670,
ID_V916Z1,
ID_QQ866Q,
ID_PA2M0Q,
ID_79IEWV,
ID_2UWHOL,
ID_7HET0W,
ID_F7MM8B,
ID_CKWH2T,
ID_2KL32O,
ID_NCOS2S,
ID_I7G50E,
ID_P11TNK,
ID_3CMF0P,
ID_1NX4V1,
ID_526G6Q,
ID_475F79,
ID_O85ZBT,
ID_HNHV9S,
ID_ZHXALM,
ID_00AYMD,
ID_UB1UUN,
ID_PHT240,
ID_CSACZ7,
ID_A1FSEW,
ID_BKYD7N,
ID_RLAWS1,
ID_ZAOBZO,
ID_IER75T,
ID_5130B1,
ID_8CKPXQ,
ID_X5R7D3,
ID_9BCRJ9,
ID_YYB157,
ID_L0A08B,
ID_Y41HJO,
ID_IJJ86K,
ID_8R7UQW,
ID_LAEZOI,
ID_2GKXWU,
ID_3TSSR5,
ID_TKWVX1,
ID_9Y41MD,
ID_JABUBV,
ID_DEHPBI,
ID_BPC2TW,
ID_FS3VJX,
ID_20BF5N,
ID_4PEAVO,
ID_B7D4NZ,
ID_AH6P64,
ID_G0UZRV,
ID_0KJ9PR,
ID_8O241S,
ID_QW0RHB,
ID_E76TFD,
ID_P2M7A3,
ID_OFPMS5,
ID_BSIQ6Z,
ID_T8B51Q,
ID_FTNG26,
ID_Q8ZFCK,
ID_YQAGWT,
ID_DPP1PT,
ID_Z93MET,
ID_VL23RK,
ID_3Y0BP3,
ID_MDQ63Z,
ID_1DSBXN,
ID_2CH2GW,
ID_1C4QM7,
ID_P19OGQ,
ID_7XWCF2,
ID_YD5471,
ID_XEHVNL,
ID_CWSRJC,
ID_32Y9SE,
ID_61TTVB,
ID_4TGT9I,
ID_0E23UZ,
ID_BIOZFR,
ID_SELOXJ,
ID_9S4PHE,
ID_2J132O,
ID_9SUXFW,
ID_OPC9K7,
ID_AN8RT0,
ID_SYCCSE,
ID_KPN2PE,
ID_H9FE84,
ID_U24ZR2,
ID_NH1OT9,
ID_6ZO6UO,
ID_NJBX5G,
ID_ONH05N,
ID_PO0P7E,
ID_RIN1KU,
ID_O5BKE0,
ID_NKHEIN,
ID_EXS8JW,
ID_Z3WBGX,
ID_YIZJKZ,
ID_367TMC,
ID_YPIGT5,
ID_DP5346,
ID_N0VJFA,
ID_NT7LE1,
ID_5CJJF8,
ID_0MC6LX,
ID_RL3WON,
ID_RU0SYY,
ID_ZZXGY3,
ID_09D8EN,
ID_ABAFL6,
ID_B0Q2HI,
ID_X5YGUF,
ID_W48H0N,
ID_CK1Z5Q,
ID_8EIN3E,
ID_7S5S62,
ID_CT1W94,
ID_MB9VWU,
ID_X6WF7V,
ID_HZOLMI,
ID_GJA0RW,
ID_4CQW89,
ID_3QTRX3,
ID_C8MHWI,
ID_7S82PK,
ID_GEC5JG,
ID_6PXDEK,
ID_27DK7X,
ID_FTX1G5,
ID_SN770K,
ID_GOHLYS,
ID_YHHKS4,
ID_96DDWP,
ID_VWER2H,
ID_8JN43C,
ID_3VKB02,
ID_YMLCLM,
ID_EWBNRQ,
ID_5O1HRF,
ID_V13PEL,
ID_3WOIKP,
ID_X65VLP,
ID_S66DNB,
ID_3BCEJ5,
ID_KAD495,
ID_JJ17JG,
ID_YIR7QB,
ID_CJC1ZP,
ID_FGNXJ4,
ID_WQ3I0H,
ID_GCECVL,
ID_V6P8MY,
ID_86WLBS,
ID_HEEUES,
ID_QDL6D1,
ID_HEEWHU,
ID_SPD4IX,
ID_A3L8HZ,
ID_00H869,
ID_YMU7U6,
ID_IX1OWT,
ID_V8ZDHT,
ID_3B14IA,
ID_SOPG6T,
ID_APTYT0,
ID_YCCBOT,
ID_PMLU8R,
ID_FYGHZM,
ID_G227D4,
ID_RMRUDP,
ID_VFNZ0W,
ID_ZLVJYE,
ID_ISI19V,
ID_RRBT1A,
ID_Q2ZVPM,
ID_4P5MXQ,
ID_QOF7IP,
ID_2XT9K5,
ID_P4W3HH,
ID_CKXLXR,
ID_EK3GSQ,
ID_74SGUJ,
ID_NOIOI9,
ID_J0TR7Y,
ID_14RF68,
ID_I3OLA8,
ID_V4NMVO,
ID_7HG83L,
ID_IOZJ22,
ID_4WJ9J9,
ID_VASFWU,
ID_HROMQ6,
ID_FJRKK6,
ID_M03H6Q,
ID_8DS9C1,
ID_Y96NRT,
ID_F1JHX2,
ID_HLYOUF,
ID_IPQ0D7,
ID_G866O5,
ID_QYZAIH,
ID_MSHTI0,
ID_LR3P6C,
ID_BYCT9S,
ID_YPD9TA,
ID_SM2YF9,
ID_JHGR87,
ID_81AGK1,
ID_QT8HE4,
ID_7FVMFD,
ID_OJ6N7T,
ID_W9YARE,
ID_R1YMLR,
ID_J631I1,
ID_UYUDCW,
ID_615QFU,
ID_0KXJ25,
ID_EE3ARL,
ID_ZUFO6I,
ID_DPVZOG,
ID_6ZGX68,
ID_FM15D8,
ID_12QO65,
ID_AMH33F,
ID_MAUTUT,
ID_HO5MS5,
ID_JZTF3X,
ID_ZUWYGR,
ID_0T5XME,
ID_GRGDC3,
ID_WDJJU3,
ID_YZ1F46,
ID_1A1U7A,
ID_2MSP6G,
ID_AWKIOR,
ID_W2ZU3T,
ID_SWDFL1,
ID_1XV1LA,
ID_29XHGM,
ID_CO7XQ2,
ID_4VRJNL,
ID_JFAV3W,
ID_TI1VMA,
ID_2SRXNE,
ID_PEO6N8,
ID_0L6Z7Z,
ID_84N6H3,
ID_5SR545,
ID_2HI0H0,
ID_IWQC1K,
ID_3ORPR2,
ID_I70DZB,
ID_AIXBCD,
ID_3RAER3,
ID_IYT57F,
ID_W5MFFZ,
ID_C58UB1,
ID_NPAK3H,
ID_700DL5,
ID_1SRE8U,
ID_KRD6SH,
ID_PMXND6,
ID_WTWMKF,
ID_G3K0O9,
ID_VHHCAP,
ID_F4N1KS,
ID_KQKU08,
ID_W83ZHZ,
ID_WK4GBG,
ID_YU411J,
ID_YEOCZ2,
ID_5PNSVQ,
ID_F8IXG6,
ID_X662VY,
ID_93POC6,
ID_LCFRKJ,
ID_NF64S8,
ID_3VTV3R,
ID_3VYT1P,
ID_9BSVMY,
ID_WR7RVY,
ID_OPZBSP,
ID_242EZH,
ID_NI7K74,
ID_FWJZTF,
ID_3JDAH8,
ID_H7EQRD,
ID_0TLJH4,
ID_HAB2LK,
ID_YFSFPG,
ID_5HP8SJ,
ID_8TJ9IK,
ID_HPYQSW,
ID_YDG6BH,
ID_HTEU2H,
ID_2X6G01,
ID_OAIG0H,
ID_819XBC,
ID_8TYWYB,
ID_NPQH3K,
ID_QPT79D,
ID_SYRGBV,
ID_72Q7U0,
ID_8A0TP0,
ID_31MJRP,
ID_KCWB30,
ID_FPG1ZM,
ID_ZNZ9K8,
ID_I4AA80,
ID_0PWC51,
ID_BLER4T,
ID_7DG6MN,
ID_BR17L8,
ID_KT9SAM,
ID_WD1SF0,
ID_MSAZOD,
ID_X9HSPF,
ID_W2V0JK,
ID_CBRB2O,
ID_OSRG8A,
ID_XAJDUU,
ID_7I9CUG,
ID_3I08K7,
ID_L9Q02T,
ID_O8YIDP,
ID_KCPH8X,
ID_X7M1TR,
ID_9CIEWE,
ID_YMFNSV,
ID_B6C1MC,
ID_CWEY6X,
ID_RRQ3P3,
ID_H39LD4,
ID_0GXN3T,
ID_3Z29UB,
ID_5V7VW8,
ID_SPZU3Y,
ID_2G6BY3,
ID_I5CHRB,
ID_TBG3Y7,
ID_LYPLO4,
ID_M0MXID,
ID_WRYB3P,
ID_KE6CVQ,
ID_DQ4JFX,
ID_495P0Y,
ID_YHGIYO,
ID_HS9GNE,
ID_SDDD20,
ID_H2LDYB,
ID_NXO4OS,
ID_AC3OZ0,
ID_OQ1BD3,
ID_BZUN2L,
ID_P6JN4I,
ID_QDZWJ2,
ID_YU75IW,
ID_G71GXZ,
ID_IKCK2T,
ID_MQKSPY,
ID_41DN1R,
ID_30C5R1,
ID_6B0SFA,
ID_G0V7KO,
ID_19X82A,
ID_G7K9IE,
ID_VAPJMN,
ID_SYDCQA,
ID_PHW89W,
ID_V1B97Z,
ID_4W9NKN,
ID_4F6142,
ID_WBOTZU,
ID_BXA1B5,
ID_85BMA7,
ID_1DXKC4,
ID_X673EG,
ID_OY8MO5,
ID_OYYRO9,
ID_0NYHCL,
ID_78VIBT,
ID_CTVZXM,
ID_4A257E,
ID_14GFP5,
ID_Z4VF1Y,
ID_Q0JU6T,
ID_C7C098,
ID_542XSD,
ID_XAXSQE,
ID_NW926J,
ID_NZ2MLX,
ID_ZTMLDP,
ID_7TVS2Y,
ID_FHIFRG,
ID_D9VOKX,
ID_RV8LYE,
ID_J1UA6J,
ID_GP3LTO,
ID_A554FY,
ID_55UIQR,
ID_QKGSNH,
ID_SYKAXX,
ID_K6TRAF,
ID_M79OLQ,
ID_35DI44,
ID_1E82BT,
ID_JKV2CV,
ID_1EO9RJ,
ID_1XGPB0,
ID_DP2TQ3,
ID_FWJKOV,
ID_6IO6ZP,
ID_LV1QVN,
ID_3G15VK,
ID_TXPZ5T,
ID_RKJYPQ,
ID_H4GJ65,
ID_TPL0DL,
ID_T5PVBC,
ID_LVCRE2,
ID_FW57BT,
ID_U90PF5,
ID_290C90,
ID_MYQM26,
ID_PAPHAM,
ID_LUZUXN,
ID_SRLJBS,
ID_4YL9KH,
ID_X0LSX0,
ID_GPXD6B,
ID_44U90V,
ID_C7YCGJ,
ID_ONR1M1,
ID_C5XPOF,
ID_0EW1PM,
ID_Q8NE03,
ID_UEXMG1,
ID_DQ2WJS,
ID_IHAD2J,
ID_XWLRTU,
ID_U27FMA,
ID_NJLP2M,
ID_4PC7HM,
ID_7UEN2S,
ID_YYZDLV,
ID_W2T3BK,
ID_YEOBNX,
ID_IPL822,
ID_EW3W03,
ID_QNY5HI,
ID_A20H6X,
ID_R12LM7,
ID_MAPJAM,
ID_OAXPZN,
ID_4GY5K7,
ID_ONYE2L,
ID_VIIBDQ,
ID_EVPD1F,
ID_2YZKM6,
ID_TO34WV,
ID_JIYJX4,
ID_IWUTVY,
ID_IIYWA4,
ID_9PG49U,
ID_K0MU3Z,
ID_JDRIAY,
ID_NBHXP4,
ID_3Z6XGW,
ID_MRZTUO,
ID_7C6NJS,
ID_N4VO0X,
ID_ZG5L7J,
ID_FVKBK7,
ID_CWPMGW,
ID_CYOQ7Y,
ID_1EWLJF,
ID_K5HJPX,
ID_FPVPA6,
ID_RQC1CN,
ID_NBC9WY,
ID_FXPYCD,
ID_AJ9AF5,
ID_BGKCNJ,
ID_1R9T1Y,
ID_ZTDJZ8,
ID_K0H4LW,
ID_T1OUWL,
ID_FRW6VH,
ID_6SA6D5,
ID_IQ73W0,
ID_UNXSJZ,
ID_77QGPE,
ID_1RZ8CM,
ID_LWU3PT,
ID_9MBZ55,
ID_OTHU6X,
ID_DRCZQ7,
ID_GBM2KX,
ID_V5IYS0,
ID_QCZ66C,
ID_P7VW3S,
ID_EYSS4C,
ID_G3PWIH,
ID_9HXEL0,
ID_KVCCIU,
ID_HQG7H0,
ID_M4P3PH,
ID_7BPPOJ,
ID_EUBGQO,
ID_ITEK95,
ID_CSEF0D,
ID_2XR4VB,
ID_P6OXLN,
ID_2M3ZRC,
ID_8Y4NNS,
ID_N5I498,
ID_S58OJY,
ID_G9A789,
ID_QF4MDY,
ID_I5HPB3,
ID_RQAZ7J,
ID_10CPII,
ID_EOWLKM,
ID_XCJE3F,
ID_4SB777,
ID_CACM4J,
ID_TTZXZG,
ID_4C2LAQ,
ID_ETQWHF,
ID_QVVZX1,
ID_HL3MB5,
ID_T5HVIF,
ID_AEFNXN,
ID_WUJEH5,
ID_T3YR90,
ID_ZKPGJN,
ID_7VRBUG,
ID_76L0SZ,
ID_4POLK6,
ID_K87BN2,
ID_HMA8RO,
ID_GUI8BR,
ID_L2DC6X,
ID_2PTYIF,
ID_J1MEDY,
ID_K314R3,
ID_ZU50EO,
ID_HUK5T2,
ID_VXHQAO,
ID_NDARH1,
ID_XHXEP7,
ID_ZJ5TQ7,
ID_02REMP,
ID_7P7ACC,
ID_R8ZH1V,
ID_0BY3GB,
ID_JPF9J9,
ID_XX9THF,
ID_C34A55,
ID_IMEKJE,
ID_V9YVSL,
ID_T0NEI8,
ID_VW7A2T,
ID_RBVLNI,
ID_8YN3ES,
ID_3WGSVU,
ID_WCSZKU,
ID_24FVFR,
ID_0URK3E,
ID_5UA2P3,
ID_N6NX6W,
ID_K6S3VB,
ID_CFSIR7,
ID_XK5JKM,
ID_Z3K1IG,
ID_8LWBUV,
ID_410NWQ,
ID_KQVI7N,
ID_WDXNEN,
ID_B2LJE8,
ID_N60HMV,
ID_VW8NKY,
ID_06DT08,
ID_3HEGPF,
ID_BS00XS,
ID_D3JL96,
ID_5UV4D2,
ID_I7QMRL,
ID_AZONOU,
ID_NTKSS1,
ID_E2RH9I,
ID_7NIDCU,
ID_2UDYTF,
ID_YZBU3R,
ID_8LSAL5,
ID_E2IVQT,
ID_KGO31T,
ID_08VZZN,
ID_LNZPOC,
ID_PL6EC3,
ID_XU99ZY,
ID_8VXRFF,
ID_LOFA7U,
ID_BJUV61,
ID_9QQUOW,
ID_MOC5A3,
ID_SJBBZQ,
ID_7HVSHC,
ID_7ND1RD,
ID_3UJE62,
ID_NAPMVJ,
ID_UU7UMA,
ID_T3LHYS,
ID_VS9ZT4,
ID_OY45RO,
ID_KL3KYA,
ID_PJX8DB,
ID_6XXFBS,
ID_GXAQBX,
ID_LKW4SF,
ID_E6BM9K,
ID_39RTWS,
ID_JQM7F7,
ID_65Z59O,
ID_BLS2H8,
ID_QPDML0,
ID_CI9DIN,
ID_KAD8HQ,
ID_L67NPS,
ID_V0UYR0,
ID_IGDVSQ,
ID_S8YITF,
ID_TQKD89,
ID_CRRMKQ,
ID_WF4S9S,
ID_95HVUF,
ID_FU5NOI,
ID_3JDCAQ,
ID_M3CAJQ,
ID_G2L126,
ID_TA0PET,
ID_KJQQE1,
ID_CQKW5T,
ID_UYHGSS,
ID_5SWMAC,
ID_SRGQG8,
ID_K4MOA0,
ID_OMOYFD,
ID_RHHREY,
ID_23AWJK,
ID_TN1PTB,
ID_VCR2PP,
ID_WZ6KLD,
ID_5ZNN4C,
ID_Q9NU1R,
ID_NW2CAY,
ID_18B4WR,
ID_NSHQCC,
ID_J789SC,
ID_T9EPE5,
ID_UCAMN1,
ID_KQLCMN,
ID_TUMM22,
ID_3LG4C1,
ID_ZY6V5P,
ID_DJKLOA,
ID_2JY9GN,
ID_B8HNX1,
ID_WL698O,
ID_XMQ1NR,
ID_WK0OWJ,
ID_U9V03F,
ID_OOE871,
ID_WZBAFM,
ID_PS19F0,
ID_LNN104,
ID_1RM6MR,
ID_ENPZS3,
ID_76VXW6,
ID_HI03EM,
ID_W7KL0V,
ID_NFZXFU,
ID_C0ZSJN,
ID_D24VL8,
ID_JHQ7TS,
ID_3V9MBW,
ID_36NWHR,
ID_T8LEMD,
ID_MGS57K,
ID_056B2B,
ID_YW7ZP7,
ID_OMTFUP,
ID_17XCXA,
ID_LZ41BS,
ID_KQ99B8,
ID_2Y74OP,
ID_09YP3A,
ID_JPZV2Z,
ID_WIQT3G,
ID_VDQUDJ,
ID_F8657Z,
ID_0ZW6MA,
ID_1DU934,
ID_OTMEDX,
ID_Z7J0ZE,
ID_1KR603,
ID_Z0PR3A,
ID_A9IDYX,
ID_RM9EGK,
ID_VOTP2Z,
ID_C9B7C0,
ID_K175KT,
ID_H1CH4R,
ID_4QO54N,
ID_G78O84,
ID_7FAE3X,
ID_LYVQIN,
ID_G1CCFU,
ID_2BJQIP,
ID_SPGZ7Q,
ID_6VDQ9T,
ID_GI10JI,
ID_7OXJ03,
ID_0X6TQL,
ID_K7E6PT,
ID_ZUEKOJ,
ID_W41FFU,
ID_HOLYVP,
ID_JX0F57,
ID_12RY1S,
ID_Q4RNT5,
ID_7VK4EF,
ID_BGJTWO,
ID_44TAY5,
ID_C6J78B,
ID_96J9V3,
ID_CQ7V0N,
ID_F90XKT,
ID_WIKHL9,
ID_4HCZON,
ID_V8M6TY,
ID_QS8D4M,
ID_IWGO9S,
ID_M76TV6,
ID_6CHLJT,
ID_RPY31Y,
ID_1S9II0,
ID_5PH27O,
ID_8JP95U,
ID_YJILFT,
ID_37SSGT,
ID_6ONILU,
ID_FX045H,
ID_65DZZ7,
ID_ACX6X9,
ID_Z9EITJ,
ID_4HC8DJ,
ID_IEWPAS,
ID_6I1CPO,
ID_NUAYYE,
ID_4C806Z,
ID_3NFPNQ,
ID_ZFUR5K,
ID_QGYMMQ,
ID_1BNNTO,
ID_1W113Y,
ID_IRZO9H,
ID_MJQ6KC,
ID_LMVUO9,
ID_EMDMDU,
ID_I7GT0X,
ID_DH6QL8,
ID_KSD2IQ,
ID_5UVH1O,
ID_U4LCC7,
ID_FYA2DJ,
ID_VTI2SK,
ID_YWVS5M,
ID_NFU2VM,
ID_LB5EXP,
ID_8VCTWM,
ID_58Y6V3,
ID_OCYAZH,
ID_V8NNH9,
ID_BLLSQ4,
ID_XZEBAK,
ID_7KFTEB,
ID_UICMQP,
ID_KP0VAG,
ID_08RM5T,
ID_85SENJ,
ID_TL8RR7,
ID_3DQRVA,
ID_1DRXPP,
ID_QZ2FCS,
ID_UKRHG2,
ID_JYWF94,
ID_MNSM9T,
ID_DGAGC8,
ID_8WNFTS,
ID_4S5HVZ,
ID_3ZWC3A,
ID_PYTPIR,
ID_VY5GIK,
ID_5BDRIC,
ID_3UZA24,
ID_CR7FB2,
ID_13BNLH,
ID_BW86PO,
ID_ECPMOE,
ID_EHB0NL,
ID_26PGK7,
ID_85EJRC,
ID_H93PWH,
ID_SGMO7J,
ID_7LVW9Z,
ID_M8OGE5,
ID_6F9FTP,
ID_89AJNO,
ID_3RB7IP,
ID_8AFPMM,
ID_1QQAYB,
ID_8R6EIT,
ID_W49DDO,
ID_MLGY3V,
ID_9MDF5Z,
ID_WXJQMH,
ID_SL6GZQ,
ID_RNDSDT,
ID_AHPRG9,
ID_JFS5UA,
ID_FAL5TW,
ID_DVUONB,
ID_6YPEQ0,
ID_UDORM1,
ID_KXTGEM,
ID_AMQ8HR,
ID_ILWJO6,
ID_S9E4W3,
ID_OWVOMF,
ID_HK1YCV,
ID_1JCS86,
ID_8DW8MK,
ID_HT6I15,
ID_Z9EKB2,
ID_A2TNJ5,
ID_OBGO4A,
ID_LCYOXO,
ID_5ZSGPB,
ID_M4U1MF,
ID_3AF2EI,
ID_54RE69,
ID_816IKJ,
ID_RQQRGA,
ID_UWK296,
ID_5VLEDF,
ID_QWXTBC,
ID_OKDO4X,
ID_ONOZKB,
ID_CAB6SL,
ID_0P7Q36,
ID_QKZ824,
ID_X2S5LU,
ID_F8NQJI,
ID_83ULF8,
ID_TH5LMK,
ID_EUSCUB,
ID_N1IX4L,
ID_Q9YDOI,
ID_N4Q2HZ,
ID_RQCJA6,
ID_3IFN3J,
ID_1NTEPY,
ID_6983N7,
ID_QLC2LZ,
ID_I8XDPS,
ID_W53WXW,
ID_DWFIYN,
ID_MR4WDO,
ID_VPL7XT,
ID_IUECTK,
ID_JLGT7G,
ID_72VFMY,
ID_6I9XVE,
ID_XMZN5O,
ID_1FGONI,
ID_XSXE26,
ID_YT8WHR,
ID_8JT7K7,
ID_74HR13,
ID_1HS10Q,
ID_HALWWV,
ID_T9CRZ4,
ID_OMZ2X6,
ID_AMM2P5,
ID_DJUT20,
ID_WS7Y4T,
ID_G4WWCO,
ID_8LID9X,
ID_YXMYV7,
ID_YTEYZD,
ID_0R2DHZ,
ID_NP6TVV,
ID_DS6VK6,
ID_UTW83X,
ID_KTCWKK,
ID_CZN0EI,
ID_U5FFPS,
ID_WMOM4E,
ID_Z9A29E,
ID_ZWJNZ8,
ID_LM9KNF,
ID_RDQ0DA,
ID_VQQHFJ,
ID_5J0K44,
ID_GD0SD9,
ID_9093RX,
ID_7XYL6J,
ID_7EUPA4,
ID_LICJNA,
ID_W28Q7H,
ID_ULIRX2,
ID_81FU7B,
ID_V479MI,
ID_3BL3R8,
ID_NPMPMB,
ID_8U2TNJ,
ID_6Y8CL7,
ID_SVSSXK,
ID_EPEWPG,
ID_89JS67,
ID_TP4LEH,
ID_ACIB95,
ID_HQDUHL,
ID_FOY6I8,
ID_32WAIH,
ID_4B3D4Y,
ID_SKISRS,
ID_KBBR9E,
ID_2NU4OE,
ID_5O001W,
ID_9IOSOM,
ID_1AWHGW,
ID_MTB34T,
ID_LJ5F5X,
ID_AEMWU0,
ID_GX8KX7,
ID_V7BC4D,
ID_8W76O9,
ID_B1MPFA,
ID_KMXJBI,
ID_GBXGL9,
ID_KB0CMU,
ID_8U120O,
ID_XS9D51,
ID_X0E2VF,
ID_9OF4NL,
ID_Z8JK9T,
ID_HOQBZT,
ID_AKY3IZ,
ID_RWTT7A,
ID_71J6NR,
ID_SG3SKU,
ID_CE5LMB,
ID_GGJLQM,
ID_1LKYT5,
ID_CHESYW,
ID_LS4PQN,
ID_PEQZA1,
ID_CTPESK,
ID_3FCWGL,
ID_02V5JR,
ID_EPOAA3,
ID_27FD0C,
ID_YU7K1P,
ID_XF7IVX,
ID_FMNL6D,
ID_JYYQW1,
ID_6D0UH4,
ID_IL0E5X,
ID_HA1CR1,
ID_IQ38G5,
ID_9S7I6F,
ID_068NX5,
ID_OH9WZU,
ID_G6O7KF,
ID_X3XBHZ,
ID_G7XJZ3,
ID_5WIJL0,
ID_SCTME9,
ID_M16WGD,
ID_BXDL8O,
ID_M5EBJE,
ID_CUAG96,
ID_GWXR4F,
ID_B1Y9OM,
ID_13B47T,
ID_LZSK1B,
ID_FQAVSL,
ID_5N0371,
ID_E1SFRD,
ID_H32D4E,
ID_QLVJ9V,
ID_PSZ2RY,
ID_LJKAXR,
ID_5MHV6Z,
ID_6GKA77,
ID_AJDP7S,
ID_OZS3VU,
ID_GJ2RTD,
ID_80D7KS,
ID_RC2CWG,
ID_4AOT5Z,
ID_ZYB1YM,
ID_RXAE1N,
ID_GP2GUO,
ID_6MDV5I,
ID_0GPVZ3,
ID_3RLQZ4,
ID_V9H6JK,
ID_MMNZZ9,
ID_IMI2YQ,
ID_KN60M4,
ID_U3JPLV,
ID_Z72TNK,
ID_1H0Y81,
ID_JMMUIG,
ID_EVPI0H,
ID_34W4FH,
ID_MD400O,
ID_JMB59P,
ID_YFDE9B,
ID_X0SMDX,
ID_EQ2040,
ID_U8G2BD,
ID_OHVDCB,
ID_QCOUE8,
ID_PS8JE6,
ID_3GIL6E,
ID_OCXTT6,
ID_I569L5,
ID_FKJ76S,
ID_FXVJKX,
ID_8P01ME,
ID_ARQYKS,
ID_IADA3R,
ID_OUHJ6I,
ID_SAMOCF,
ID_GAZB1C,
ID_THXRQ2,
ID_OGUKJZ,
ID_G0PQCT,
ID_387HIH,
ID_MVDHWQ,
ID_V4NUUT,
ID_Q8ZNZ5,
ID_EXZMC7,
ID_B701VU,
ID_DGE4QY,
ID_MICZFY,
ID_JXLF1F,
ID_CACYBH,
ID_J3TIT4,
ID_3PHH1J,
ID_7YF2K7,
ID_G644TQ,
ID_TECE96,
ID_55X2LA,
ID_9P5R81,
ID_1K6HYO,
ID_XA56HW,
ID_2SPM05,
ID_DHXHS6,
ID_73EOLX,
ID_K41KF7,
ID_0MKQU6,
ID_YN0CZI,
ID_Q2MJCU,
ID_7DIRNU,
ID_ITSCTU,
ID_RSQ4NS,
ID_DL2MSA,
ID_PKJR2M,
ID_9OD6BO,
ID_17P1XH,
ID_Y100UD,
ID_JRCGRU,
ID_3TCANB,
ID_OB6N08,
ID_5SAQTX,
ID_V9ERP6,
ID_B8TR27,
ID_6LDBVZ,
ID_7HTDUW,
ID_OS25XS,
ID_GOSYTL,
ID_PKEHWK,
ID_3Z0B1N,
ID_H0AOX7,
ID_0BW7HK,
ID_6XFH8Q,
ID_QV2SSG,
ID_3OKUZX,
ID_8XS2L8,
ID_E9T212,
ID_DXZPO3,
ID_O3JT5P,
ID_0PLC0K,
ID_E1UBPC,
ID_JMZQ06,
ID_ET19HC,
ID_GLRF86,
ID_V60WGR,
ID_VJN3CV,
ID_ZE1TPB,
ID_OZ2V5C,
ID_BMQ0D8,
ID_8R482C,
ID_MFU9Q3,
ID_2X1P4Z,
ID_D782P6,
ID_VCS2P2,
ID_Z4OXRQ,
ID_TJ1TN1,
ID_RZMW1K,
ID_7EII0F,
ID_QV34KX,
ID_2TC13T,
ID_X8L7NU,
ID_6E74SX,
ID_VIHXYG,
ID_JPEP2Z,
ID_DRBWIK,
ID_JUB69W,
ID_ZH4W1X,
ID_5P59T6,
ID_A0NCQH,
ID_WDKKEX,
ID_PM9NPV,
ID_D32C9S,
ID_EPIOY5,
ID_LMW0T7,
ID_0370Y1,
ID_7L9AU9,
ID_T0BQLD,
ID_NQRHEI,
ID_XQUNOR,
ID_FLX377,
ID_L8XJ3O,
ID_DDNM54,
ID_Q8FZKL,
ID_C21A0Y,
ID_6DKNTC,
ID_K80CNO,
ID_T789NV,
ID_M1TRNN,
ID_9SANXJ,
ID_88VZOV,
ID_WZQSA0,
ID_J1OMUK,
ID_HN2I07,
ID_I867JJ,
ID_QO6VLA,
ID_XI191A,
ID_DDMA20,
ID_SMHN64,
ID_7JR6GG,
ID_KCB07S,
ID_LN53AP,
ID_SFAWE6,
ID_PD8ZHA,
ID_T24TF3,
ID_ETPPQJ,
ID_QJSN90,
ID_11LP80,
ID_R4A393,
ID_0TUTKM,
ID_PQMA2Q,
ID_ZM66VI,
ID_KQL2Z6,
ID_83E7LP,
ID_JQTA7J,
ID_ASM4B0,
ID_VTC42M,
ID_F6G6YC,
ID_K6WKZ2,
ID_HJJB83,
ID_2BLY7S,
ID_HZHSCQ,
ID_BYJFMA,
ID_CL31N2,
ID_PKR9QQ,
ID_V8PNTC,
ID_YUB2GH,
ID_YYQKXW,
ID_2CKQCQ,
ID_0CULAT,
ID_2JHHL5,
ID_GSR17N,
ID_DZ3XFP,
ID_H40YX6,
ID_QKQELD,
ID_K4X01D,
ID_KR69FG,
ID_DYMQ6F,
ID_9K8UCN,
ID_4OXSOH,
ID_KQX9JD,
ID_Y4S0Z1,
ID_QZ32U3,
ID_R3UBI8,
ID_QSKJ7L,
ID_A0S8B1,
ID_LGQ5CT,
ID_F5KVO6,
ID_3V61Y9,
ID_84M4K5,
ID_GSTMEH,
ID_CVE1C5,
ID_75OMR1,
ID_IRM8MC,
ID_G5RT5W,
ID_13GCCJ,
ID_TPTIYM,
ID_QNTRW5,
ID_IZRV94,
ID_IUYIFT,
ID_1J4JJW,
ID_6QSFMS,
ID_QGO3GU,
ID_MTSROM,
ID_WSC7P9,
ID_4WYO3L,
ID_9Z3KVU,
ID_NAR8V8,
ID_NRZF1Y,
ID_YHFWNG,
ID_TZQQ4Q,
ID_573QRV,
ID_SRCO7L,
ID_0NDNYH,
ID_QY92UE,
ID_9N8GVK,
ID_MQW2I7,
ID_QY77BS,
ID_B7LG9S,
ID_SVZ97W,
ID_YHSNYE,
ID_535KEZ,
ID_Y9T9LX,
ID_S920JW,
ID_DF8SLO,
ID_ZZF44B,
ID_C3OBSG,
ID_MAHENH,
ID_HWJEEC,
ID_6Y9MBB,
ID_UX9U21,
ID_X8PSYY,
ID_R75YYO,
ID_YTLU91,
ID_ON8NY7,
ID_EX7ULX,
ID_0PUV55,
ID_TF4D3N,
ID_TELZR0,
ID_MSRH5C,
ID_82TYXD,
ID_GQ7YMS,
ID_A71QLK,
ID_DDDERL,
ID_7SGQIL,
ID_HPLMVU,
ID_S7MHS8,
ID_BDOV36,
ID_FXOS6R,
ID_JFDEOX,
ID_FTZE6R,
ID_HRBHBR,
ID_9I6E9M,
ID_AKTKC1,
ID_P9RILJ,
ID_8GGLY9,
ID_XTAAAC,
ID_RWMQZ7,
ID_BRU2G7,
ID_19V52K,
ID_4TW9TZ,
ID_B0F878,
ID_GDRU29,
ID_TFYHEA,
ID_E0U95B,
ID_T75BI8,
ID_T3S7KK,
ID_9D6181,
ID_ME4UYU,
ID_23NYAC,
ID_7PNB3I,
ID_7SDMH3,
ID_SBG9WW,
ID_5XL4XZ,
ID_8L7C65,
ID_4DO7YX,
ID_LHY0JZ,
ID_3V4XTH,
ID_OJF34S,
ID_094N8N,
ID_UGRK5T,
ID_Z37WDC,
ID_H7WN8X,
ID_Y1KOSI,
ID_9KE4RR,
ID_D71DJH,
ID_03A32K,
ID_F221QX,
ID_X9GTWE,
ID_FASJSM,
ID_FLOZ3A,
ID_P39EXI,
ID_9XBJJS,
ID_5UO7K6,
ID_OTUXJY,
ID_MUV1ZH,
ID_8SJOJY,
ID_T65EKA,
ID_0N067S,
ID_KRNPJV,
ID_R5IOAY,
ID_ZC0CJ8,
ID_5CVY1M,
ID_OVZP1L,
ID_NIT65P,
ID_ORY1CT,
ID_EXBSXU,
ID_5KAKIT,
ID_BQP72R,
ID_8W03BY,
ID_O9VY16,
ID_EUD7D4,
ID_50A2MF,
ID_N0WAHH,
ID_LQ9ZIJ,
ID_DWZJEP,
ID_0ZVMFK,
ID_CPAJWH,
ID_OD6SQ8,
ID_9HNROP,
ID_DOY4JE,
ID_9KMEMB,
ID_EU0RRR,
ID_TEMPZZ,
ID_4BSXH1,
ID_3PM8KC,
ID_48E4LI,
ID_9UA7DO,
ID_HPFLV3,
ID_RES6XP,
ID_X0G447,
ID_W3FXUG,
ID_JXO6JD,
ID_E9M2XC,
ID_W67JQT,
ID_0T2JP5,
ID_ZAD4RN,
ID_L109WG,
ID_0FKWOO,
ID_N877JG,
ID_EO5E37,
ID_0IUGCU,
ID_WZELCQ,
ID_8JNAR2,
ID_95WUPR,
ID_DOKFPU,
ID_FKZ810,
ID_WWD4KP,
ID_ELJU7I,
ID_N4716J,
ID_Z292XL,
ID_G2MGN1,
ID_PBIR6P,
ID_UKJTZZ,
ID_L4OV60,
ID_XV1O9L,
ID_3EA2HO,
ID_U5DIRD,
ID_RG2IR1,
ID_IOO9XQ,
ID_REN6E5,
ID_WVRKZQ,
ID_6ALIA0,
ID_29NRI4,
ID_EUNNIJ,
ID_4G8GMV,
ID_XJKTPJ,
ID_0T2EAR,
ID_WL9TUM,
ID_UZH42A,
ID_CQGZD0,
ID_BUOX58,
ID_67ZYWE,
ID_S08DVR,
ID_NK7HOC,
ID_JXIFB2,
ID_LVA0H3,
ID_454FVG,
ID_9RBZA8,
ID_B2CKZR,
ID_QMCKZ4,
ID_UJLN4Z,
ID_U0K3JP,
ID_MZ7QG1,
ID_YBRG4H,
ID_1OHXDF,
ID_5IAOBY,
ID_THHH1G,
ID_L8S3GP,
ID_W5ORRY,
ID_UCRADE,
ID_2HZGJK,
ID_PFU9F2,
ID_5C2OT5,
ID_6YSHVQ,
ID_RQIF3Q,
ID_ZAKLJA,
ID_73XL8M,
ID_665IG8,
ID_YP3LQA,
ID_DQYVR0,
ID_1YDLQD,
ID_PZBXQ1,
ID_GJOUP4,
ID_7XGC95,
ID_L0W7CR,
ID_HY2A4M,
ID_TU3J1P,
ID_R4O42A,
ID_FPWZ6S,
ID_0179H6,
ID_UOSX0V,
ID_UVW98O,
ID_OQMLY5,
ID_FDCSV5,
ID_3UPQ83,
ID_DRSP8J,
ID_GHWN60,
ID_KRHJL4,
ID_7KEW4W,
ID_10ONK5,
ID_XY7S1N,
ID_3G21S1,
ID_LJMU7R,
ID_E1HEDW,
ID_ITZZTL,
ID_EX1B44,
ID_JZ643B,
ID_P76PXJ,
ID_T00HTG,
ID_R2ZMXV,
ID_YBYMLW,
ID_PIM2V5,
ID_5NTLQO,
ID_SG0MSZ,
ID_1FRV1U,
ID_KB12D6,
ID_2GYFCX,
ID_IMYBIB,
ID_1K1JFQ,
ID_S0BN2H,
ID_17K054,
ID_3FJKKZ,
ID_Z7YL90,
ID_5AYBBU,
ID_2X67LT,
ID_5XWBUF,
ID_HOPO13,
ID_OIAP74,
ID_3O1Q4T,
ID_54O5E4,
ID_X12AT3,
ID_W90Q69,
ID_Z2GUQ7,
ID_VTY813,
ID_TSLHBV,
ID_CO3I3O,
ID_V2YH5T,
ID_N62CTJ,
ID_9RUZ4Q,
ID_7O1W9J,
ID_0DNEC9,
ID_KSCRLF,
ID_SRMUY9,
ID_A0G0E7,
ID_17XJP9,
ID_DV0WLW,
ID_ZS95H9,
ID_XVDUTU,
ID_3IVWI4,
ID_7K7PYI,
ID_8GH7PA,
ID_P3USTP,
ID_GP7HDV,
ID_8HCZO4,
ID_YIBNYE,
ID_JPYBKC,
ID_XRZZ0Q,
ID_TOVA6A,
ID_4KMRME,
ID_USI2XD,
ID_H953OY,
ID_OQ5ZWU,
ID_C97IE4,
ID_HDQIS3,
ID_KCXRHU,
ID_CEXSNF,
ID_OUKQZE,
ID_73AI4G,
ID_AJT8UQ,
ID_0LCFEV,
ID_JUAJY1,
ID_REA3HB,
ID_L85X1T,
ID_LJOYMS,
ID_CGAIND,
ID_525Z10,
ID_CKBG1O,
ID_NVW0IT,
ID_6T4CVB,
ID_4LC6X3,
ID_ONV6F4,
ID_VVRIBO,
ID_7YBW7H,
ID_KXTYR0,
ID_FNFMRW,
ID_CLVM25,
ID_MQW1CT,
ID_LZPA5J,
ID_9D3MA9,
ID_NOGEQM,
ID_ZQED4W,
ID_BTKSO2,
ID_YELZJJ,
ID_QZL6IG,
ID_PSR1CI,
ID_MSI456,
ID_E77FDR,
ID_XZWA47,
ID_ET8064,
ID_3Z8VY3,
ID_E9RA46,
ID_Z5QFOU,
ID_1UHO15,
ID_G01PD7,
ID_1V48MQ,
ID_UKZ0GU,
ID_37P9B5,
ID_RJ8KRC,
ID_KEP4C7,
ID_D891Q2,
ID_OWKXU7,
ID_0W6S4J,
ID_KO55XZ,
ID_F70I76,
ID_K5FWNT,
ID_9FNYHF,
ID_HLH0KS,
ID_5EJZNS,
ID_IV4253,
ID_5ILHY3,
ID_6X1D0Z,
ID_TOOIRY,
ID_FMWN7W,
ID_4PQRLM,
ID_W38T0P,
ID_MZJV6T,
ID_Y9HG0Q,
ID_ZOUZ70,
ID_3TJODS,
ID_KLK969,
ID_FJ7WZV,
ID_QL5ZE1,
ID_RWJV1I,
ID_ROI69K,
ID_53DJFV,
ID_AB7I8J,
ID_QMDEEQ,
ID_56C0HF,
ID_OG504P,
ID_USBZ9I,
ID_4AAF21,
ID_GO8D67,
ID_5LSM1B,
ID_WD5RGA,
ID_PMHXZ4,
ID_5FNUPF,
ID_UOA8DM,
ID_POP8GC,
ID_39KYY4,
ID_XYJ8DY,
ID_LNPICS,
ID_BMCZNC,
ID_9M3A1F,
ID_61MEOH,
ID_W19SB5,
ID_OF9H1G,
ID_SCFYH4,
ID_WDNZ6I,
ID_JDBOTV,
ID_C1534L,
ID_ROT2TQ,
ID_CUBAMN,
ID_RV0X02,
ID_IHL647,
ID_W627BR,
ID_2RU9PU,
ID_7FFZ6W,
ID_14Q768,
ID_2SDICU,
ID_S4AS4B,
ID_TUXPZY,
ID_B13HF6,
ID_GKHISB,
ID_2HI33X,
ID_8WD5CI,
ID_OMULFF,
ID_LPDQYM,
ID_R4SBNB,
ID_RX5QHQ,
ID_245A6P,
ID_CD2HLN,
ID_NJDQ2N,
ID_3JM9EJ,
ID_60TOG2,
ID_TQWSRE,
ID_4N6LQ0,
ID_ZLD3T3,
ID_36M5JF,
ID_A74WVY,
ID_BM34TD,
ID_Z00T97,
ID_YH80QD,
ID_EMUMSC,
ID_YZXEQ7,
ID_KFA6XZ,
ID_E9OEAA,
ID_XXLLTB,
ID_T2T416,
ID_2EU63T,
ID_G1SPLO,
ID_GHJT6K,
ID_WQZD3O,
ID_UHLBNW,
ID_63QK8S,
ID_RYREHS,
ID_O83MMV,
ID_TL96G0,
ID_J5PR4L,
ID_NDLTM2,
ID_1O7QPR,
ID_WNDU22,
ID_1EL1ZJ,
ID_NZP3AR,
ID_MLNFG6,
ID_FTL7HR,
ID_RD5B1N,
ID_4SDS95,
ID_PLZ652,
ID_CDT0DE,
ID_SFKV8R,
ID_Q3OEOQ,
ID_SC5YE7,
ID_G5E5EA,
ID_NCB8VO,
ID_PVTMW6,
ID_HEIM4P,
ID_6XYBDI,
ID_WCRCL4,
ID_A6CT60,
ID_QIOMPE,
ID_U3G3HV,
ID_ORTVS5,
ID_EI5YGS,
ID_34CBUS,
ID_5BG1OZ,
ID_UWIHRT,
ID_5YLZZG,
ID_WMQNJV,
ID_7OU1N1,
ID_CFSG90,
ID_AQO7XE,
ID_VT78XQ,
ID_9MAGFA,
ID_LP34MO,
ID_K1PXQV,
ID_SQUKHB,
ID_5027ID,
ID_FWADUZ,
ID_V0UHV7,
ID_53KYIG,
ID_OLBIWR,
ID_67MFJL,
ID_XJK4T3,
ID_V3Y66S,
ID_KGK5A1,
ID_XN5QAJ,
ID_1Z1J0O,
ID_BTF8K1,
ID_A7B6JS,
ID_NN53AG,
ID_9SH7KT,
ID_CM69TD,
ID_BOKLSZ,
ID_4FE3G1,
ID_J5AT0J,
ID_HT1U78,
ID_PK63RH,
ID_EXZKWG,
ID_2I6YRO,
ID_FJH76U,
ID_VMSDS7,
ID_XNZFGG,
ID_M6GXSB,
ID_2ALWCI,
ID_ROX1L9,
ID_C9K6NI,
ID_UAROAG,
ID_4QDDXK,
ID_P7E3WC,
ID_8EB9H2,
ID_L7MNAX,
ID_ZUFJ64,
ID_FB4SGY,
ID_2KXOYY,
ID_4YAZXM,
ID_EATU5K,
ID_H8P2SG,
ID_6BW1YC,
ID_Q8HHMW,
ID_4L0G08,
ID_9QW92K,
ID_74HF34,
ID_5CLNIV,
ID_LOCX4M,
ID_UC0BMY,
ID_85OZK7,
ID_UN937T,
ID_PRAB5A,
ID_GRA1W1,
ID_EPY2J7,
ID_SWH08Z,
ID_KVHIO7,
ID_0B0G1Z,
ID_DH2L3V,
ID_RKPYS5,
ID_OHX55U,
ID_66AOQ0,
ID_P2Y93D,
ID_CQOT40,
ID_B3OP3R,
ID_BMVP68,
ID_9426TV,
ID_R401AC,
ID_0KSSEY,
ID_G8ZC30,
ID_J38H09,
ID_DV1ZWZ,
ID_OGZYG9,
ID_VS4MQI,
ID_HXLCF7,
ID_PAGHPQ,
ID_YL7ONO,
ID_PE4NHA,
ID_ZUO757,
ID_Y8HHH2,
ID_HMVCZZ,
ID_SHV9XC,
ID_FW3GCH,
ID_PMF4MM,
ID_2YRRMC,
ID_GFMN6F,
ID_6GDEGR,
ID_UZ2JXR,
ID_HSMH6E,
ID_JSEHZM,
ID_S4VXZE,
ID_UE509Q,
ID_AWWLFH,
ID_5BDRHI,
ID_CW5FVE,
ID_RJ8RI5,
ID_Y9E6S7,
ID_974LH1,
ID_YAE59M,
ID_W3KJ7X,
ID_L4WR96,
ID_S2M1FO,
ID_QP2HWZ,
ID_LLQS3Y,
ID_U4SGZW,
ID_U7HPIV,
ID_1DOL8Y,
ID_1IU8SW,
ID_3E1YT9,
ID_T2W3ZU,
ID_21E7OX,
ID_K38ZYV,
ID_SAXRG8,
ID_S4Q599,
ID_C2VBTV,
ID_WM2HE6,
ID_MMJ5TB,
ID_1GWV9L,
ID_47KBUX,
ID_I56BRA,
ID_1FB1UV,
ID_FKKW8M,
ID_XQUNH4,
ID_7CQDZ1,
ID_OTU2O3,
ID_8C90XU,
ID_VA1EFB,
ID_C0G22C,
ID_6CHVMS,
ID_0DMKOH,
ID_T2JA4X,
ID_3X2HBM,
ID_KJK9DS,
ID_TI007R,
ID_6OUI5R,
ID_0T3KMO,
ID_VA31MX,
ID_SD5YN8,
ID_YJJUB4,
ID_ZMV2UL,
ID_IEVNN0,
ID_PLT8MG,
ID_H4HDYR,
ID_UDADHT,
ID_G80J30,
ID_E4D5KW,
ID_VXADW0,
ID_3BL2JF,
ID_19GOK5,
ID_Y7YDE8,
ID_STT9BM,
ID_RSJE9G,
ID_0LGSE0,
ID_0OL5PJ,
ID_9L54WC,
ID_HOWXDZ,
ID_OP5KFT,
ID_JS5E2X,
ID_8JJBLF,
ID_JFEC1Y,
ID_U36TFS,
ID_2DJFW0,
ID_WB1BDY,
ID_SQEHME,
ID_1X4S1A,
ID_LHNO72,
ID_CSHWMB,
ID_JZ1EAG,
ID_SK99DJ,
ID_WHDUFK,
ID_0TYZYW,
ID_H89UKF,
ID_60WBX5,
ID_AI7ULC,
ID_0I72W7,
ID_IGVVBZ,
ID_O7WYAA,
ID_GUCPT0,
ID_Q0UCG3,
ID_2BRKJS,
ID_S2LM31,
ID_927J9Z,
ID_EALUVO,
ID_FVYDLZ,
ID_PXH3SN,
ID_RRLBOC,
ID_5NT4GF,
ID_RNYECH,
ID_MC22ML,
ID_F5LT8Z,
ID_409LXL,
ID_YEMX8Q,
ID_GNVSLN,
ID_CC7BOM,
ID_B5V78N,
ID_BPH4MI,
ID_2THATM,
ID_EEA7SV,
ID_XM3LTF,
ID_LZKBOU,
ID_W0Y2SB,
ID_T5GYI4,
ID_MGYXMK,
ID_NTQ186,
ID_15H68I,
ID_UB2M2P,
ID_JNKQ05,
ID_VK4T3Z,
ID_F3S3AS,
ID_V8USE8,
ID_WO3DEB,
ID_6TM8LX,
ID_IOPWHR,
ID_VMTTGP,
ID_62GEAW,
ID_6K3R47,
ID_A9KDFK,
ID_AJ9NI1,
ID_KVPTGJ,
ID_XO5QQB,
ID_QEPSQZ,
ID_NYGVRB,
ID_HPUKZ6,
ID_X2XAIX,
ID_8GL8UU,
ID_7B9WQG,
ID_Y6HZG8,
ID_2NLFOY,
ID_IYG08Z,
ID_PPTHJA,
ID_1YN5UI,
ID_H5HL5X,
ID_8HADES,
ID_UUKQ1W,
ID_NQG1BP,
ID_LXOJKP,
ID_3LENY4,
ID_WFNT0G,
ID_UDVGF8,
ID_5OWRBH,
ID_WR1KS5,
ID_HPSC6R,
ID_1IB8QJ,
ID_7GU6Y5,
ID_EE18RS,
ID_KLN8H8,
ID_GPMTU8,
ID_6ZQW0O,
ID_RXIH0O,
ID_XGSB03,
ID_VGYTNB,
ID_1QMY13,
ID_KUBX1D,
ID_BO4N47,
ID_L7NBFD,
ID_G9WCN1,
ID_S2LETP,
ID_PCPZ1N,
ID_2RNQSC,
ID_KWHQF4,
ID_QOUM1Q,
ID_IZ6NOI,
ID_Z2B3UC,
ID_RYJWR9,
ID_QTOHDV,
ID_SSOOXN,
ID_FFMZ2X,
ID_QP7HJH,
ID_KOZEXH,
ID_LL0BZL,
ID_637HNX,
ID_TYQWY6,
ID_XML6E8,
ID_CCD403,
ID_EW0GH7,
ID_7B39LY,
ID_X5RLSX,
ID_WT5PRK,
ID_RLJTN0,
ID_32WH99,
ID_GCC6W6,
ID_Q4OB2C,
ID_8SMLMV,
ID_XN8F7P,
ID_ZV2BBQ,
ID_XPASHO,
ID_JNR16H,
ID_ZRPGGA,
ID_7CDPT5,
ID_C5H1CJ,
ID_OCGWPS,
ID_MSN1YB,
ID_7WOHV4,
ID_6Z4IXP,
ID_7QVGA5,
ID_ZJ0F39,
ID_47OG0N,
ID_5WG43V,
ID_0ET1OD,
ID_JQK5EU,
ID_12XBA3,
ID_21PEXI,
ID_6PF8AZ,
ID_XQQGZP,
ID_V9OD9W,
ID_CS3XC9,
ID_U0FGO7,
ID_AREXEV,
ID_CK46WA,
ID_DI5JV8,
ID_YJO7PN,
ID_EBA872,
ID_SCL4JX,
ID_AYRB59,
ID_59UN0B,
ID_HPIVRL,
ID_GYLQZ7,
ID_KOL2UL,
ID_SKK39N,
ID_640I7A,
ID_KT0PZ2,
ID_7SZJOL,
ID_TH6HXV,
ID_E18WR5,
ID_YQO4GG,
ID_D028EA,
ID_WI5SL9,
ID_SE3IJ1,
ID_BN7596,
ID_SERYA9,
ID_9DT2FP,
ID_UHBK2E,
ID_YYWBX2,
ID_AKWQV8,
ID_88V5GD,
ID_BT4F0J,
ID_M72HCM,
ID_UJ4TBZ,
ID_1YE8EH,
ID_HZ02SD,
ID_GXYAWN,
ID_GSOZ51,
ID_3C43DW,
ID_MIJTW7,
ID_098BD5,
ID_WZJP44,
ID_HIIRME,
ID_UPV415,
ID_4Y02T9,
ID_B2AQE5,
ID_3KB8DT,
ID_PC0OPP,
ID_M91X1K,
ID_AAFFLA,
ID_NYGXD9,
ID_V9QMS6,
ID_XRRQ17,
ID_CSBYPY,
ID_D3VFDX,
ID_4ACWTZ,
ID_AQU3OR,
ID_UIT6XN,
ID_CL4D3L,
ID_QHHQXU,
ID_PL2805,
ID_LVCOPP,
ID_7EGLX7,
ID_L7TA7M,
ID_VEC9ZA,
ID_OWRDGJ,
ID_ZIWZP9,
ID_FFOG38,
ID_ICUP4G,
ID_48Z3VI,
ID_POTA53,
ID_KRAY4O,
ID_ORO3UF,
ID_LLSK5Q,
ID_27JE47,
ID_3C7RB4,
ID_UGCLV0,
ID_1AKE9O,
ID_Y5OKTA,
ID_6RTO4D,
ID_YMM1FG,
ID_Y3VKJ8,
ID_TQC96D,
ID_60Y6LQ,
ID_KBFXPZ,
ID_9MES8O,
ID_UN1K7V,
ID_5TOJ27,
ID_ZX7B4A,
ID_023C6G,
ID_4UQ34S,
ID_J6RHRV,
ID_0XRTF5,
ID_ACG7MK,
ID_6A9YUX,
ID_003WOR,
ID_ZYZLPS,
ID_D6NC84,
ID_EQ9KL7,
ID_MOQAOA,
ID_ZOYXS6,
ID_N7SG10,
ID_5GJ2LO,
ID_IFUV1H,
ID_0Z794J,
ID_42RK0G,
ID_7JQHSZ,
ID_9DX3HK,
ID_QBW6MF,
ID_BI2CNS,
ID_1FTQVW,
ID_QSQS55,
ID_WVG0ZW,
ID_VBYL1L,
ID_6Q0HBW,
ID_E5347V,
ID_IH4HKE,
ID_CI3RO6,
ID_P8X69K,
ID_MB5YXK,
ID_Q8JUTG,
ID_23TI5V,
ID_GJM37J,
ID_ENSFRV,
ID_7I1VZC,
ID_HMKRUM,
ID_2R73IJ,
ID_4QV4VV,
ID_T092G9,
ID_S1G6E4,
ID_YV023R,
ID_XGGHTG,
ID_DMKTDZ,
ID_I79TCV,
ID_7KURM9,
ID_ETOQ77,
ID_6F972G,
ID_VGUW1K,
ID_C9ME74,
ID_HYNVWE,
ID_73N1HP,
ID_AQO9RW,
ID_ACV88S,
ID_RZJ45Q,
ID_CZKN03,
ID_TK415V,
ID_DCXVPM,
ID_ZTYFIP,
ID_5QZJQL,
ID_NTMVRZ,
ID_4M4P9W,
ID_S374OW,
ID_ZWT9HC,
ID_MFXX97,
ID_W0O97A,
ID_CTXRT9,
ID_UBX698,
ID_WV5KIG,
ID_03YRWR,
ID_3Y6W2W,
ID_3UL2TJ,
ID_GB16X6,
ID_2KYBRV,
ID_URVNR7,
ID_V7FUIZ,
ID_VZU16C,
ID_JDV5WU,
ID_AIM99H,
ID_0ELQGL,
ID_S9RPGM,
ID_X7ZFO1,
ID_Q4RZNE,
ID_NQ9BFF,
ID_EBPDMG,
ID_IX5PD5,
ID_43SX0S,
ID_BUAT6C,
ID_EQ49GO,
ID_QQ7WAM,
ID_OJC64O,
ID_Z190BW,
ID_2LZION,
ID_DJ0T41,
ID_4V5IEQ,
ID_1VI1IK,
ID_M2TM8H,
ID_JN0CF5,
ID_R9YGSP,
ID_U3TU49,
ID_814D08,
ID_ABZSBL,
ID_K955HT,
ID_26BIYD,
ID_KPDMD1,
ID_5EFP54,
ID_RWOIRV,
ID_F60ICB,
ID_23484O,
ID_D8F49W,
ID_7YLJY6,
ID_AKWLNI,
ID_MRYZTC,
ID_VSY90K,
ID_X5BA4I,
ID_NS2KLX,
ID_ZR69S4,
ID_29GCIE,
ID_3ULW8T,
ID_N3DKFD,
ID_F1SHEW,
ID_5HE5FJ,
ID_J7421U,
ID_6HX67V,
ID_1KBFNW,
ID_ZEQZ8O,
ID_Z6AZF1,
ID_NLIPVE,
ID_U6YSKF,
ID_Z3YPL7,
ID_N2I8GC,
ID_HK9IIN,
ID_4NMUDM,
ID_UO5126,
ID_PJF12G,
ID_9PGQDV,
ID_V8OO1U,
ID_H12D1F,
ID_DUC38G,
ID_XH4JQ1,
ID_0RN01E,
ID_8RR9UZ,
ID_T0L55N,
ID_PREKBS,
ID_RVSEAK,
ID_JLULWZ,
ID_5VVN6I,
ID_NCYF4W,
ID_3WU7DY,
ID_OC8R9H,
ID_WIU5FW,
ID_QKRB2E,
ID_6YYF5Y,
ID_812CQV,
ID_ALXPOA,
ID_Y89CZY,
ID_6SMI9V,
ID_UGR93A,
ID_SGGGSS,
ID_MTG8SP,
ID_LCHOOP,
ID_D40KRC,
ID_S7LIZA,
ID_I1R0BO,
ID_3BVECU,
ID_FUF7YS,
ID_9N7V40,
ID_CIJG9Z,
ID_M0KW1E,
ID_GWAC4L,
ID_8GF5TZ,
ID_BAXE56,
ID_XAHZAU,
ID_UOIXFJ,
ID_PKYQAK,
ID_KYTHMR,
ID_JH11EY,
ID_0FZOXR,
ID_YODPVK,
ID_DD1SES,
ID_TVC4F4,
ID_ERQ77M,
ID_1XC8UZ,
ID_S1VXK1,
ID_NHWL1J,
ID_GPC96E,
ID_HNQ08D,
ID_JJ9PZC,
ID_801TEG,
ID_E8GKOL,
ID_NGUJ0D,
ID_VIOTPB,
ID_5SL2LO,
ID_3BLRGS,
ID_XQP133,
ID_GCLJ8K,
ID_0YQ2V5,
ID_LRQ1GG,
ID_H2G18Q,
ID_RUVA10,
ID_V9358R,
ID_7W4OW5,
ID_05WMZU,
ID_DKTSS9,
ID_2LIEU5,
ID_UY41KZ,
ID_QYHNC3,
ID_3CMB7J,
ID_8Z00NK,
ID_HVW61I,
ID_PDEP1T,
ID_ELALFA,
ID_Y95BJM,
ID_89MUMI,
ID_9EE6C1,
ID_I52H7J,
ID_509IY1,
ID_VMS1JO,
ID_47226B,
ID_XAJYJY,
ID_JQCE62,
ID_K25AWD,
ID_WUHJ2F,
ID_LS5WJM,
ID_EBJU4P,
ID_S3Y5WS,
ID_MO3UA5,
ID_FYVWHW,
ID_0XRZ1B,
ID_XPQP1J,
ID_UB7I41,
ID_5GUEWV,
ID_QPI2L7,
ID_FMH82Q,
ID_EV536F,
ID_0RST6R,
ID_04BWUO,
ID_1CDUX9,
ID_01C05M,
ID_DARDE5,
ID_WUJVMI,
ID_Q6HKL5,
ID_JO3LHX,
ID_4YUTOZ,
ID_JM63AX,
ID_ZDS949,
ID_7TTB0P,
ID_7GITSS,
ID_M313CL,
ID_QZ0J7K,
ID_NPRNFF,
ID_HGX6V7,
ID_T4ZY9O,
ID_MXEY9P,
ID_VR43C9,
ID_WIAB38,
ID_IVCQLS,
ID_IGX197,
ID_AHEZE5,
ID_HQN4GP,
ID_BKWZD6,
ID_UNA1UG,
ID_NUD63L,
ID_6T5580,
ID_9NE1ME,
ID_3MC8HF,
ID_W38GKG,
ID_XY573Q,
ID_DPHKGZ,
ID_R35MV6,
ID_84OGQ4,
ID_HLY3UN,
ID_065E0U,
ID_SI5G95,
ID_Q7O905,
ID_RRE7WX,
ID_HX1OHF,
ID_GZP68K,
ID_6XHLYX,
ID_4FJGMK,
ID_KTFF7M,
ID_02PDBB,
ID_92EHCM,
ID_OKS787,
ID_W94S25,
ID_SWHFHY,
ID_4CZNLI,
ID_SH4KDH,
ID_HKNOZ5,
ID_5STSCN,
ID_9UVN35,
ID_43AANN,
ID_28846J,
ID_MUH842,
ID_HJXTYK,
ID_1QENO2,
ID_F0H4A1,
ID_2VVKZQ,
ID_IXZ1I3,
ID_1FNKRF,
ID_0ZLT8F,
ID_39EASW,
ID_S05AKY,
ID_TA6J9S,
ID_2RE8DF,
ID_08LV9A,
ID_R3NVON,
ID_KFLCU6,
ID_JFI4MX,
ID_FFLLJS,
ID_OFYK8O,
ID_HPTBPU,
ID_CHEYVR,
ID_X68HEN,
ID_MV6NWB,
ID_RHXPEF,
ID_4651X3,
ID_IBYBZK,
ID_QK9DWW,
ID_EI07B0,
ID_6AW8UC,
ID_UPNY0M,
ID_GWD1UR,
ID_Q81S25,
ID_447PRF,
ID_69HKSW,
ID_EWWVY0,
ID_T244JJ,
ID_P23QP6,
ID_7N3UZM,
ID_T2DGL2,
ID_T5STC4,
ID_8HZ795,
ID_DKJE1C,
ID_I07JK3,
ID_G7YWFT,
ID_ZIGQUK,
ID_C9FV7M,
ID_IDXEMZ,
ID_N5LAZC,
ID_A01KZC,
ID_WOC7OI,
ID_NOTXZP,
ID_Q95VH5,
ID_YTQALR,
ID_F5IDVH,
ID_0ON39X,
ID_1AS8SG,
ID_SZWQXS,
ID_48RH2Z,
ID_MGRFVN,
ID_95U69R,
ID_3E6D59,
ID_GW249F,
ID_SQS0I2,
ID_7S4EGA,
ID_4V3TLN,
ID_ZEM5CG,
ID_KTE371,
ID_TGX2OX,
ID_XT558T,
ID_35WH93,
ID_KYFL73,
ID_3A415S,
ID_FV97TE,
ID_T1TAEH,
ID_ZKG45R,
ID_FB3J8C,
ID_LE5SAD,
ID_NCRU28,
ID_S67MVL,
ID_TH54FO,
ID_D2DOC6,
ID_NC0YVT,
ID_XHZ3DQ,
ID_BINPA1,
ID_NA1CTW,
ID_RSOVQV,
ID_FRFC4A,
ID_LEWDL3,
ID_5PZ4IS,
ID_Z7SXQC,
ID_GT4BVQ,
ID_BZWTNO,
ID_45UF3M,
ID_TR753X,
ID_R5U3EE,
ID_JNLSQA,
ID_X6153I,
ID_H6QXGK,
ID_QTN0Q9,
ID_VH8LBZ,
ID_XAZM8X,
ID_89YQZP,
ID_648U46,
ID_O796V3,
ID_T9UXR1,
ID_BJ95ZF,
ID_8TLZXP,
ID_XS6ML8,
ID_LBY5LS,
ID_NRKWDV,
ID_OEPGFI,
ID_FMK2JS,
ID_Z7QPDI,
ID_0BFSNM,
ID_X4UF8G,
ID_ANWQ3A,
ID_R46QT1,
ID_85HCLG,
ID_EKA5YO,
ID_SPEF9F,
ID_UW9NPG,
ID_DRDT76,
ID_W0E4VO,
ID_6V7501,
ID_5B4FG8,
ID_WNDABC,
ID_3XWZAL,
ID_Q5MTA2,
ID_9JPBQN,
ID_VYV1FC,
ID_J5T6EK,
ID_CSYXAU,
ID_UOKCMV,
ID_7Z1ZS9,
ID_UZCEZ3,
ID_TIX9DY,
ID_HVDYND,
ID_JH624G,
ID_PTZDPU,
ID_9HVB0Y,
ID_M9TCLW,
ID_YC6HP7,
ID_WF9NAM,
ID_5148FO,
ID_EJBEK3,
ID_ZPPA2B,
ID_1FYURY,
ID_91YO1T,
ID_Z3WJJS,
ID_NQVGK7,
ID_EFHYH5,
ID_XINW2D,
ID_ZZ45FM,
ID_1UN27E,
ID_VQ0RUG,
ID_YJ8GMZ,
ID_V1MO97,
ID_T176PP,
ID_2HEVTK,
ID_4TU69I,
ID_TCNUBT,
ID_UUE9RC,
ID_ITQXWZ,
ID_O7ITJ4,
ID_ADK0DZ,
ID_9QX349,
ID_BRRW3H,
ID_G66KXM,
ID_05F9CW,
ID_XN4CYC,
ID_3TUCQN,
ID_F9AQUK,
ID_BPGA1X,
ID_IYGN9H,
ID_HMPKM3,
ID_IOEJFB,
ID_16RQGU,
ID_7TJRBS,
ID_3UIO88,
ID_7H4CW6,
ID_PLU8J3,
ID_S9S76D,
ID_FR3KG2,
ID_XKAMQ7,
ID_9SYGXQ,
ID_78IVKO,
ID_SKW52I,
ID_SHNHAU,
ID_BBI12A,
ID_VKYGTA,
ID_23M8HM,
ID_15G3G3,
ID_S7LIDV,
ID_O4L4JZ,
ID_WD7COW,
ID_9X8C9O,
ID_GJZPLJ,
ID_1GL5N5,
ID_VXW5E5,
ID_8UVN4M,
ID_U3WC1H,
ID_CDEADL,
ID_UBLZPE,
ID_NN8U1I,
ID_PU6MFD,
ID_DDESJM,
ID_L20JD3,
ID_MZO1TS,
ID_68FQXO,
ID_KSS6L7,
ID_SS544F,
ID_4DEQSL,
ID_9HV3RJ,
ID_F6RMZB,
ID_YUZLXZ,
ID_CJTYQV,
ID_PNBMP9,
ID_Y6FYC9,
ID_27YK99,
ID_HX39DK,
ID_6CQW2G,
ID_TL686Q,
ID_S9A4UB,
ID_TLAJ9O,
ID_NGPX6G,
ID_8IZ9WL,
ID_JFVYT8,
ID_SMJQ7N,
ID_UFBB54,
ID_KLJV12,
ID_WYF6DM,
ID_5ZKH19,
ID_TPSQCE,
ID_NRPGMQ,
ID_D5CBNT,
ID_VNGPCA,
ID_GX1U5L,
ID_175U2W,
ID_UVDIK7,
ID_ER82Y1,
ID_LJP8MW,
ID_SSNO5J,
ID_QFMQ1G,
ID_71IQZS,
ID_2H31RO,
ID_ZU8JOJ,
ID_KU1XGF,
ID_SPU07J,
ID_H8H6CK,
ID_6IJBLY,
ID_MSO7ZC,
ID_JDPTUV,
ID_4KBV4D,
ID_6DTSYM,
ID_ZGM1HU,
ID_4Y1OVR,
ID_PO3KDO,
ID_091RPG,
ID_C9O10P,
ID_N1M28H,
ID_N5BZFL,
ID_09JHYT,
ID_C5TJLZ,
ID_NVKX3F,
ID_CWIABK,
ID_ZRXTJV,
ID_NU6GLE,
ID_4WFRJQ,
ID_EH3UI0,
ID_QQ6Z66,
ID_041460,
ID_7JTULW,
ID_H9RMKQ,
ID_JJX98W,
ID_QIDC16,
ID_Y8LGTC,
ID_62EG3H,
ID_JR0MJ0,
ID_EC2NOW,
ID_1XHLC2,
ID_LVQXXD,
ID_XQTKR4,
ID_HOBDB7,
ID_HA1XCT,
ID_5ZYO97,
ID_PQKRKU,
ID_TV1PNP,
ID_AQSXY9,
ID_NV5RF8,
ID_NI75S3,
ID_TO2R90,
ID_C5EWF8,
ID_2WFRXX,
ID_VW8KVG,
ID_SO69BS,
ID_J4DMCZ,
ID_OS8T9C,
ID_3723VR,
ID_DS2RJB,
ID_3XHU4H,
ID_VZT96I,
ID_VUVLOD,
ID_Z7WG76,
ID_QC0PWO,
ID_674NH2,
ID_AF9QE2,
ID_DIRM3K,
ID_P2KL8C,
ID_CIP143,
ID_S0T8T8,
ID_HK25P1,
ID_S77JF7,
ID_2JM7KM,
ID_ISND2N,
ID_BYNFLJ,
ID_6C6KUL,
ID_FAM9YW,
ID_AK7714,
ID_SC59A7,
ID_8VTWWN,
ID_1LCO1M,
ID_A4NHA4,
ID_MY44VI,
ID_M2SDNG,
ID_DTDXPJ,
ID_V98V7H,
ID_U6ALPR,
ID_R7OLXF,
ID_NNKZHC,
ID_C92JK8,
ID_S2H4XV,
ID_EJXHYC,
ID_RO7JS2,
ID_DPIOTN,
ID_PI34GZ,
ID_L2PYRO,
ID_DNR4O8,
ID_NPP39B,
ID_FVDDNG,
ID_99450H,
ID_52AG2C,
ID_BNMVTL,
ID_KR5YXJ,
ID_RJT8YG,
ID_4IE76Y,
ID_TQQ5WY,
ID_DKCDY7,
ID_JMVMVY,
ID_JL7ZZJ,
ID_WRDX6G,
ID_2HZUXI,
ID_NRDHY3,
ID_Q6C2BZ,
ID_GARODK,
ID_UWKS2O,
ID_BYP8S1,
ID_E6I3DI,
ID_WT1U9K,
ID_7G5GUI,
ID_T5ZPYY,
ID_11TQCX,
ID_S6IOR7,
ID_U6I85K,
ID_7YB9OI,
ID_9NINJD,
ID_85EP0C,
ID_XNLDBC,
ID_VX6U8J,
ID_FVMGH2,
ID_ZWUBIB,
ID_UNF5ZK,
ID_FJT6UL,
ID_3T5I0W,
ID_N8S7ZK,
ID_ZCYFEP,
ID_N77XVL,
ID_SP4KXH,
ID_9PL8C5,
ID_NR7B33,
ID_SPBPFI,
ID_EF85O4,
ID_AHLTYE,
ID_8GU3RP,
ID_N6AZ5B,
ID_6FQTBK,
ID_Y9QQP2,
ID_WJU1GX,
ID_I7L6PX,
ID_UO1RMT,
ID_APAGVJ,
ID_CLHPBS,
ID_9D26TB,
ID_04Y73O,
ID_80SBIO,
ID_MLP859,
ID_WVMDML,
ID_USYPO6,
ID_YNAE1U,
ID_ZB0P8N,
ID_MFU0AC,
ID_VBUBAD,
ID_BAIS53,
ID_3NMYV0,
ID_3CBF8K,
ID_GFM131,
ID_2J07S7,
ID_JMA4YI,
ID_5OF1IE,
ID_WL917P,
ID_OZOVZG,
ID_VTSH03,
ID_0XETQI,
ID_BNR1US,
ID_01JGBB,
ID_ZUZ776,
ID_QPWK15,
ID_1DR28T,
ID_G0KUKL,
ID_2QFK5E,
ID_CO6GHE,
ID_5UMB27,
ID_142EBI,
ID_95BVNN,
ID_MSMS2M,
ID_ZJZS2E,
ID_E82M9G,
ID_GJJJPK,
ID_49MQFW,
ID_MKI9S9,
ID_F1I4AE,
ID_8A057L,
ID_LHI7TK,
ID_E1LWEY,
ID_8RZSUV,
ID_GMO9LZ,
ID_HDQJWV,
ID_OUXEV1,
ID_R081Q1,
ID_BGZHV0,
ID_POEBUC,
ID_79DRQ8,
ID_WRFQLM,
ID_I4UV1E,
ID_LHOKWU,
ID_MXDQIS,
ID_08FN49,
ID_2DBCH0,
ID_HTFMEU,
ID_I94CGE,
ID_CKXOYC,
ID_3GWXHI,
ID_3YPRHR,
ID_XGY935,
ID_Y0NVGV,
ID_ACMPZH,
ID_62MHI8,
ID_DQ0Z3R,
ID_UELV1I,
ID_66WJP5,
ID_JG1VQN,
ID_SY5SRI,
ID_E22X9T,
ID_Y5YSJJ,
ID_LKZ6R4,
ID_3JXI1F,
ID_Q883YN,
ID_SEZOXR,
ID_L04YQK,
ID_VHT92B,
ID_B1T0N4,
ID_TIQYB0,
ID_42BGED,
ID_IGLA8K,
ID_OGAKME,
ID_X6AZ98,
ID_ZHFKUP,
ID_TI9UX2,
ID_WTCWW0,
ID_BS4BC2,
ID_N7ZCKE,
ID_P3C5UB,
ID_MKMT5Y,
ID_I79VII,
ID_W0LU2Q,
ID_3NK2RA,
ID_Z0G92H,
ID_C5CTMP,
ID_8RFHHF,
ID_ZP7OV8,
ID_C4OBCL,
ID_SGFAT9,
ID_K54ED4,
ID_5B931O,
ID_D5KL9H,
ID_43DEQP,
ID_LJD21W,
ID_ZZN6KH,
ID_KEN56B,
ID_MR68FB,
ID_DA0CVD,
ID_VQB64F,
ID_XYTK4O,
ID_POQYG2,
ID_BDD8FN,
ID_B5NJTH,
ID_HZ3XRV,
ID_2XQ9RX,
ID_ZP9Q0S,
ID_6N4IN6,
ID_0M63NH,
ID_3J7NNZ,
ID_81TGIG,
ID_CA6FYW,
ID_3JE1GJ,
ID_6ZHNCF,
ID_HVDSRN,
ID_YSBIO4,
ID_MIAENT,
ID_7XRLT4,
ID_8R6H0F,
ID_PKIPQQ,
ID_ZC0EBY,
ID_651HD1,
ID_9KJ2S0,
ID_9YR2JU,
ID_5CYCL2,
ID_7R8RQH,
ID_7EJSJK,
ID_8JGB53,
ID_EJIL27,
ID_H3FU9W,
ID_3DIX1W,
ID_J1C9TV,
ID_0M86IM,
ID_PCUMEX,
ID_Q76GDX,
ID_19MSFC,
ID_1XTNDN,
ID_F17KNH,
ID_OY5LWJ,
ID_0QRRQ8,
ID_OU5F8H,
ID_TYZKFF,
ID_83JXS3,
ID_LYLWWK,
ID_WTFVGC,
ID_XLEIUQ,
ID_O21025,
ID_C3I091,
ID_AF2BXB,
ID_5K90XC,
ID_JAKBWK,
ID_4OP20D,
ID_G7F3K0,
ID_ANACGT,
ID_NVIKHU,
ID_0662J8,
ID_7MVBSQ,
ID_8DN4E6,
ID_3JASOY,
ID_29E8N1,
ID_M0M7NY,
ID_ZZDIWJ,
ID_HOW8O6,
ID_5P2JGA,
ID_5HBU9R,
ID_MLV7RM,
ID_GK7TDS,
ID_YNXE2J,
ID_2HEHGU,
ID_TRYJMP,
ID_03TDOW,
ID_FDLAY1,
ID_2HSVSD,
ID_FA5XR6,
ID_NUYCPB,
ID_LCIWKW,
ID_RN5ZLE,
ID_64ISZ5,
ID_F8A6BN,
ID_7D4XM3,
ID_37II38,
ID_WO1RBD,
ID_OVN2MH,
ID_YVLHK9,
ID_4OY06A,
ID_9Y13AP,
ID_RYYUER,
ID_DB5SIQ,
ID_ETREHY,
ID_Z14F10,
ID_1ZJOPW,
ID_XH2PFP,
ID_0X2H95,
ID_9DA0RP,
ID_21I44B,
ID_Z7IGH6,
ID_RB31HF,
ID_SVNF6N,
ID_EP76YD,
ID_Z8MTC0,
ID_TU1MSE,
ID_JV55FU,
ID_0FIISU,
ID_IDM5NJ,
ID_FOE3CA,
ID_MNS9K3,
ID_N3MVLJ,
ID_GRJT7I,
ID_3XJSAP,
ID_FSZ69S,
ID_OPXN7T,
ID_ZWZ1IA,
ID_AVABF2,
ID_N2KLR0,
ID_R2UJ7F,
ID_OARYZJ,
ID_A16IIR,
ID_ORBL1X,
ID_Z07J8D,
ID_KV1CFI,
ID_L5FWDD,
ID_I3TGSB,
ID_FL15D4,
ID_AGLY7E,
ID_YZGRST,
ID_BTSGM6,
ID_6H4ZUT,
ID_OBFUXS,
ID_1OFEX8,
ID_GTLJPO,
ID_9UY51D,
ID_RU6SFL,
ID_X2KGQ1,
ID_OCJX8F,
ID_LHM0TD,
ID_EQEOGG,
ID_21O7ZH,
ID_9BB3FU,
ID_SUYEGP,
ID_YFIRJW,
ID_8VN8P6,
ID_OHCNJ6,
ID_EGML2S,
ID_XJWV5T,
ID_YKG19B,
ID_R3MZUU,
ID_G9XMK3,
ID_FVQP0X,
ID_YIYF5Z,
ID_RO9GDJ,
ID_4F36SF,
ID_54B035,
ID_H9WJVJ,
ID_67HDIS,
ID_4PUJXF,
ID_X705BL,
ID_XJM3IB,
ID_40CS1R,
ID_FJDLL2,
ID_BVK7FK,
ID_JWTT7M,
ID_RQKNRS,
ID_DZL2VD,
ID_K73M3Q,
ID_JE2Q43,
ID_EXZMR2,
ID_Q6891C,
ID_2BP5WK,
ID_5YLKOY,
ID_UHMO54,
ID_KDMC4L,
ID_9K1TOI,
ID_EQ5U9V,
ID_JAFYVY,
ID_WB5PZ3,
ID_KR32ZL,
ID_OOYBJ4,
ID_PBH180,
ID_9DNMZ7,
ID_E0HCNA,
ID_YJSOKO,
ID_MVP883,
ID_CNBI87,
ID_XDW7RM,
ID_7GI7LY,
ID_7LWW8B,
ID_AVM79Y,
ID_4NVB8S,
ID_4J2E7J,
ID_1EDAF1,
ID_9D41U0,
ID_H5LZ18,
ID_HC18W8,
ID_DUT5IH,
ID_TKOAIN,
ID_HLF1CI,
ID_UJHE2M,
ID_7H9JOO,
ID_FWR17A,
ID_2YFWGY,
ID_WZ98UN,
ID_OV84CG,
ID_WDX8DB,
ID_WX4SNX,
ID_16QDHV,
ID_F51JP9,
ID_P6H97K,
ID_ODVLQP,
ID_ITT1DF,
ID_PWUAOW,
ID_2CAGGV,
ID_W1X8O9,
ID_EUVRBI,
ID_3T66I8,
ID_SCAXEW,
ID_CHSVRS,
ID_STDND4,
ID_2EZRR3,
ID_3Q5FOR,
ID_L9MMYD,
ID_148E8B,
ID_EDZ2PA,
ID_COXK6G,
ID_5MFLPP,
ID_L10NQ6,
ID_54H5MM,
ID_3PC5QX,
ID_6TO4P8,
ID_5HJ453,
ID_XH4634,
ID_LINWSH,
ID_R9SS37,
ID_LWZQK1,
ID_J4G95U,
ID_YSQOL1,
ID_QZVSMU,
ID_WY31NT,
ID_D0SFWI,
ID_UYV21S,
ID_CCQTD8,
ID_T3TSUT,
ID_WEE5I1,
ID_ADWLHM,
ID_CEH377,
ID_P2B72T,
ID_NW79CR,
ID_J7H6CR,
ID_KDJVZ2,
ID_DWNHAD,
ID_XR9PE6,
ID_DJUUVG,
ID_0KTTMH,
ID_XM3E1U,
ID_SKM5Q9,
ID_EKJZ7B,
ID_VTWJRC,
ID_SW5T6X,
ID_Q5HUU3,
ID_I323V3,
ID_3TASZD,
ID_U0ZT5J,
ID_QH2456,
ID_VGOW9I,
ID_64VSHN,
ID_VUJYP7,
ID_SI8MFG,
ID_HIBX8C,
ID_XA9N4S,
ID_F7CT6S,
ID_OWAUM2,
ID_RD098D,
ID_S0194K,
ID_Q671H4,
ID_BSZB5V,
ID_JCHT9M,
ID_2JGV9V,
ID_O12FJI,
ID_5ISUM6,
ID_9NB82A,
ID_Q915T3,
ID_270LEP,
ID_IPITJY,
ID_F3PR9E,
ID_5UZEQA,
ID_IAGVPF,
ID_1G23B3,
ID_3OSY9X,
ID_VOYXRN,
ID_4B2RS0,
ID_26PJ5T,
ID_7PFSTI,
ID_ZM69OI,
ID_4L5YBA,
ID_4RRTWH,
ID_GH8KTO,
ID_B2S8OS,
ID_2PDKFB,
ID_FWLTLI,
ID_BDG1CG,
ID_5GJ554,
ID_AOPUN7,
ID_FZAA17,
ID_NHASNI,
ID_D2LT68,
ID_RUJJAJ,
ID_7HPG28,
ID_UV1040,
ID_FLR772,
ID_9UE42A,
ID_QS2GCF,
ID_49BQW1,
ID_YG5KSN,
ID_X9WZ7W,
ID_DR8H0K,
ID_J7AQPC,
ID_HCL0NR,
ID_0AMF1O,
ID_YSN4LV,
ID_NJFFDL,
ID_PR4Y99,
ID_15GQCR,
ID_5B9YY3,
ID_TZLY7I,
ID_YTZJAE,
ID_LY1LHJ,
ID_C9Y182,
ID_SMV7K9,
ID_HNY9PW,
ID_N9AROE,
ID_Y2FED0,
ID_MZH9R0,
ID_4BAI78,
ID_0AXVTQ,
ID_7CT8BU,
ID_PX3VAK,
ID_GH0HKG,
ID_64DFIP,
ID_Z7NM0X,
ID_D83GGE,
ID_S0EB0M,
ID_NJJC6L,
ID_K66WAL,
ID_6N9W15,
ID_IR4MZ4,
ID_M85MEL,
ID_KASWZZ,
ID_W66VNK,
ID_9QOE4R,
ID_T0O8QR,
ID_VZLMWV,
ID_SVS0NM,
ID_Z8M5UU,
ID_49P8TH,
ID_05DID7,
ID_37CAMP,
ID_RKJC2N,
ID_WDYO9K,
ID_4H7XSI,
ID_VZYQVP,
ID_371MYC,
ID_J9FHTP,
ID_DUD3GK,
ID_Q4LJF3,
ID_ISIB99,
ID_M4O7Z8,
ID_4YK324,
ID_7PD1B3,
ID_RYXCXS,
ID_HO7I7N,
ID_PIYR20,
ID_38DYW8,
ID_84ZMZS,
ID_E9RJNO,
ID_IMA5BC,
ID_IZ1RN0,
ID_WGZVX8,
ID_VYPEP9,
ID_NS31E0,
ID_789EEZ,
ID_VYEK2Z,
ID_38QQWV,
ID_Q4MJD8,
ID_CNL3O8,
ID_VWSB5I,
ID_S27604,
ID_4QSQFH,
ID_1GR8TF,
ID_0RIGMU,
ID_YMQFAF,
ID_SQA86P,
ID_5NHA43,
ID_Y37K7Y,
ID_WST4NL,
ID_QPHITJ,
ID_XT1SJW,
ID_2DJBFN,
ID_1VCASZ,
ID_J5GADH,
ID_BVXEG0,
ID_AEF7GB,
ID_9SQQVE,
ID_CXEL0M,
ID_DEIVFT,
ID_P8NZ4G,
ID_XDYLRO,
ID_3DI7CJ,
ID_USRY5N,
ID_N5WU3Q,
ID_8SBZ0S,
ID_0OWZ5N,
ID_MTSPRO,
ID_TVQX0B,
ID_AQ6102,
ID_DDWEN9,
ID_8G1NG2,
ID_E7PT5O,
ID_G6VXH2,
ID_SXNNET,
ID_HNANVZ,
ID_1NIZ11,
ID_7M0WU4,
ID_LHA4RO,
ID_E1MP6V,
ID_YBKR8C,
ID_NEEBB3,
ID_L69X2K,
ID_H4K9H6,
ID_B5022N,
ID_RFZMLG,
ID_CCW57O,
ID_HXYF9A,
ID_WN6Q6H,
ID_QP496X,
ID_ARVSV9,
ID_NMNRI2,
ID_XYP9WH,
ID_YE6WQO,
ID_0OLVTB,
ID_SYOKTC,
ID_QBQJ42,
ID_7IMSB0,
ID_5MCBW0,
ID_1NUQ5B,
ID_DZ4NO1,
ID_UDBAID,
ID_GQ17CG,
ID_2Q17I9,
ID_DYE986,
ID_FELPU8,
ID_Z8JD30,
ID_4OE7O3,
ID_7GEHXY,
ID_9H6CRC,
ID_9WJS1A,
ID_EQT7NV,
ID_CSDQ2Y,
ID_FNKKHD,
ID_D7R08V,
ID_BKX5TW,
ID_YFMAME,
ID_OUJU8R,
ID_2PJ4WV,
ID_FIY2AO,
ID_9VBAN3,
ID_F8VN3N,
ID_GHHC99,
ID_C3ONH2,
ID_I9ZEGQ,
ID_4HKY23,
ID_OZCEOY,
ID_QGR89G,
ID_QXTPKV,
ID_E58AXL,
ID_HBOEUK,
ID_9HJLRS,
ID_BUJBYX,
ID_XZJSW8,
ID_7IJAKJ,
ID_ABZ2J8,
ID_VOI8MZ,
ID_SPVH2Q,
ID_DAO310,
ID_I5WFLJ,
ID_5V1X3J,
ID_2VW5QK,
ID_K4S9AP,
ID_3S4K24,
ID_SIKGLY,
ID_9I2K5S,
ID_K6YOC2,
ID_8QYWM2,
ID_1OLEW1,
ID_MEEGFY,
ID_U8H19G,
ID_RTM9QU,
ID_60LT5C,
ID_P0UGX4,
ID_X7EO89,
ID_6DO3WW,
ID_VAJ850,
ID_ASPOXE,
ID_TWI6Z1,
ID_NLKR9B,
ID_GHCYHZ,
ID_8NFILS,
ID_Y49ZZ7,
ID_ZXIW1V,
ID_4OHC9S,
ID_JR07E3,
ID_2QITPH,
ID_X1TZPW,
ID_EI6GFO,
ID_NUZ31L,
ID_6BEPTL,
ID_1WZS3Q,
ID_98FWNY,
ID_EW0SO9,
ID_NYRVNW,
ID_OSG1K9,
ID_OWUJMI,
ID_02CE7O,
ID_9CP08B,
ID_CGG9W5,
ID_JKXOE4,
ID_T2XFMN,
ID_85Y3IG,
ID_DXAGWS,
ID_ZEYP74,
ID_H0AAFO,
ID_U625AD,
ID_OFB7EU,
ID_UT5TIV,
ID_S4N9YN,
ID_VPI6GE,
ID_6DB4BP,
ID_6NC2CO,
ID_VGFCQ9,
ID_Y2POYI,
ID_FP98WU,
ID_KLZIN9,
ID_GA7FW7,
ID_8IWC5F,
ID_IA37GD,
ID_VJZIC9,
ID_GJWHKP,
ID_B7NVDL,
ID_C50JB9,
ID_3OEHQJ,
ID_4URXFB,
ID_D8OLU5,
ID_QHA9V6,
ID_JNFN9I,
ID_AVVBDD,
ID_V8L7W0,
ID_J49SHY,
ID_9KXT2I,
ID_IKAVSK,
ID_47BILJ,
ID_BDGWBJ,
ID_NBH9UA,
ID_HIOY8F,
ID_YW8GWI,
ID_889ZUF,
ID_BRMOUB,
ID_M1NEMK,
ID_8KTJK7,
ID_2NC550,
ID_LTXMGF,
ID_7NJJNL,
ID_5XCAE3,
ID_VFLUTA,
ID_YVXHEQ,
ID_N9J5CR,
ID_92J866,
ID_KY3K94,
ID_N36HOT,
ID_E5NEIB,
ID_VPW0C8,
ID_TXMIXS,
ID_1H25M0,
ID_OQ9JQD,
ID_F2MKSL,
ID_OGG92A,
ID_9R65VS,
ID_PNPEII,
ID_OE41SM,
ID_EOGHP6,
ID_C8SQHM,
ID_WTRT6S,
ID_7X219W,
ID_99Y0GP,
ID_YWF35R,
ID_8KFBVU,
ID_F2KNUX,
ID_MRAK3Y,
ID_RXC3XD,
ID_PLSU07,
ID_RAKEDL,
ID_DRVWD7,
ID_1KUT17,
ID_0XSAHH,
ID_U9DLVB,
ID_81U71O,
ID_6OMAE2,
ID_K2DU8Y,
ID_GYR8NX,
ID_YF7MV7,
ID_AB84WP,
ID_XIDJ6O,
ID_11RILW,
ID_XUNBU5,
ID_KRBWQ5,
ID_BZ0Q7A,
ID_X550KL,
ID_MFNKUP,
ID_H52FVU,
ID_CP46MS,
ID_AWWHOH,
ID_AI0PYQ,
ID_G6C8XJ,
ID_B9XMIX,
ID_WHO6LR,
ID_8ILRSB,
ID_YYQYN7,
ID_447MEF,
ID_OCEKKK,
ID_MLW1RS,
ID_5CI2BI,
ID_AJ9ZJ0,
ID_UKXQN3,
ID_AMW4ZD,
ID_CCZK7C,
ID_3A6P4V,
ID_E3J79Q,
ID_XIZCDK,
ID_6Z1R9V,
ID_UCTTB0,
ID_FR5PVI,
ID_F0EQEG,
ID_9UG5GW,
ID_X61FVC,
ID_EDXY90,
ID_QSRWMP,
ID_BYP12N,
ID_EQVCAE,
ID_03U5R0,
ID_H9P9Q2,
ID_PREGMA,
ID_RVSG5J,
ID_ZN0TAJ,
ID_K2UT7Z,
ID_HFOSUK,
ID_6KVLWR,
ID_TCEJN9,
ID_H04K3Q,
ID_I1ITIT,
ID_Y4SJ68,
ID_U2ZYD3,
ID_2E12O6,
ID_OVQML1,
ID_GUUW0P,
ID_NVF60A,
ID_QUVHJ5,
ID_JZ9SK2,
ID_DYKJ9G,
ID_WVIW6U,
ID_VR6YFP,
ID_63ENFU,
ID_9U0M1O,
ID_X27E6D,
ID_LS79VB,
ID_YNJWAG,
ID_FZS8EZ,
ID_RR5RHL,
ID_NAHM0U,
ID_VUYZTG,
ID_R6C2RP,
ID_CCUFUW,
ID_GTVSTD,
ID_MS41WP,
ID_HHS9VW,
ID_2D368S,
ID_7I331K,
ID_PYRTGT,
ID_1LPXF5,
ID_1OGVYO,
ID_GAQAW2,
ID_YNYC2A,
ID_DOMUDA,
ID_X3QRZI,
ID_MD6OLJ,
ID_P4TDAN,
ID_TQAT78,
ID_5GJIOQ,
ID_4SKW4R,
ID_TPU0T9,
ID_UKIS2P,
ID_0L7WXQ,
ID_VT6L1I,
ID_ZVRBUH,
ID_D1NUV2,
ID_L4RZFG,
ID_L3HY4C,
ID_Q3FC8O,
ID_UK7N7F,
ID_R00BCE,
ID_3USUO9,
ID_R4J7Z8,
ID_OD31EB,
ID_1HCM2R,
ID_I1YGAJ,
ID_I9XIE0,
ID_12XPE0,
ID_X45TLS,
ID_YU2GET,
ID_KTM8IK,
ID_1CBA73,
ID_XGILSD,
ID_EGL2JI,
ID_9EMYVK,
ID_FRAHT6,
ID_SWYB54,
ID_4AK7HI,
ID_0WYOJD,
ID_D6QLGF,
ID_QZL652,
ID_A4SMOE,
ID_BLGW5Q,
ID_91D1QQ,
ID_X1D9D9,
ID_Q20TQP,
ID_PYTTUJ,
ID_DAD42M,
ID_57MQJH,
ID_E4MBOL,
ID_FLOL0S,
ID_6RHCW3,
ID_J5N98S,
ID_0MYO75,
ID_DH0PA5,
ID_EVEVAM,
ID_KMMZAL,
ID_54UE2R,
ID_TXWA7G,
ID_1FDTBC,
ID_HF6APJ,
ID_8SFX3B,
ID_3YFECP,
ID_8R3U8C,
ID_FOND5B,
ID_2T8AQS,
ID_ZIL32E,
ID_O5DEDS,
ID_IV369O,
ID_LY7HSQ,
ID_QUH0KQ,
ID_FIDDZ9,
ID_0M5J78,
ID_UP5OQ5,
ID_ILWVRB,
ID_28PO2E,
ID_ZBOEU8,
ID_BARXWW,
ID_U4N32Q,
ID_UXKRYI,
ID_FQLT1L,
ID_GNK4WX,
ID_DVS3OS,
ID_6IQIKG,
ID_CBVJ2T,
ID_IS2BH9,
ID_1R9K9S,
ID_8AA1JM,
ID_AZH695,
ID_QZRCBF,
ID_USKOZI,
ID_VR3R82,
ID_2GJU96,
ID_CNWHAZ,
ID_O5MM5T,
ID_BC1HOD,
ID_G6584I,
ID_Z5P4O5,
ID_DVCJBV,
ID_JXGRFW,
ID_EM3DSH,
ID_74Q3NR,
ID_9WD9HT,
ID_BZJ06D,
ID_Q4P0CS,
ID_RHC0MS,
ID_0NVKUJ,
ID_INIRRR,
ID_AO2PW1,
ID_V3J596,
ID_C73ROJ,
ID_BNAINJ,
ID_RIARIT,
ID_TPSOAR,
ID_3P0T2V,
ID_HOUN5R,
ID_J7VHG8,
ID_T4MOY4,
ID_51S4PJ,
ID_LZJ6D0,
ID_E7GU17,
ID_OYQ764,
ID_LGLK20,
ID_ICR16K,
ID_193HUZ,
ID_WTZU8Z,
ID_X1F0M8,
ID_WH36L3,
ID_I4ODDD,
ID_POYYHW,
ID_U3GLEM,
ID_1SDI2H,
ID_5L3JZJ,
ID_DA61YS,
ID_RVCRU5,
ID_VJF161,
ID_SXFBCE,
ID_4Q1XBC,
ID_YAD7X0,
ID_CFX2V9,
ID_LZR515,
ID_1YP2ZZ,
ID_PNMV3N,
ID_V7D58B,
ID_2IA2S6,
ID_B9UITS,
ID_HLX9FW,
ID_I7UPQ7,
ID_VL6JG2,
ID_WISH6M,
ID_LKSHZW,
ID_WXSWMN,
ID_UQQW4R,
ID_VB5D72,
ID_J1X0ZX,
ID_LKZIIR,
ID_N12JN2,
ID_D3VEZN,
ID_2B0PBN,
ID_DHGRSL,
ID_CB2DYD,
ID_BJ66S1,
ID_NVJ5Y2,
ID_C1Y1AS,
ID_U1NTGU,
ID_2RP8CD,
ID_DPZI88,
ID_N8Z9ME,
ID_KF7GWK,
ID_KM6LDI,
ID_HTHHPF,
ID_ZFSVIV,
ID_W65OCF,
ID_LOJ331,
ID_HTFYK9,
ID_7VDTL7,
ID_TMMRGI,
ID_B7PG10,
ID_OVK2XY,
ID_WZU6RN,
ID_2I6D9C,
ID_TWENL6,
ID_HLWC7F,
ID_VM2CYE,
ID_KFBF97,
ID_F5B838,
ID_EOZEFI,
ID_YTN2JJ,
ID_OIZOIB,
ID_DM2LB4,
ID_UWCQ02,
ID_TIJXLS,
ID_RGJBWK,
ID_A1AWD0,
ID_L4UU92,
ID_TCC1MS,
ID_0Y5ECO,
ID_W5J8K5,
ID_6BKL9N,
ID_TWJYTL,
ID_FM9L9S,
ID_Z4H32Q,
ID_LK76R6,
ID_J16NCW,
ID_Y2U2OU,
ID_GFGK19,
ID_QOPI1J,
ID_RXTNNS,
ID_QA57JD,
ID_NV54BW,
ID_U6HO3S,
ID_MKKCOF,
ID_E4BW5R,
ID_FG8MMU,
ID_9NPBWI,
ID_Y9QUEZ,
ID_X7V2JE,
ID_H0HTSW,
ID_XBK9E8,
ID_LZ0QSN,
ID_20URMR,
ID_ZS5ML4,
ID_1BT51Z,
ID_2EY5I7,
ID_L11ZVU,
ID_DB0ZX5,
ID_2ZMK6I,
ID_MGCE9T,
ID_BFZYNA,
ID_OSNQ5V,
ID_6ELLCN,
ID_AGYZB4,
ID_976LZJ,
ID_1K4Z7G,
ID_63H3LI,
ID_WUETBQ,
ID_AF68NO,
ID_6AJ1O4,
ID_FJQM6Q,
ID_YQTB8H,
ID_Z5ENF6,
ID_PKXFWT,
ID_56R0HH,
ID_DKHKVE,
ID_33RW9H,
ID_GJL0AC,
ID_J272IT,
ID_L0N8XG,
ID_DW4RR4,
ID_RYNQTV,
ID_5FPWVH,
ID_93PPP0,
ID_3R0FNF,
ID_HLKHET,
ID_1EDG60,
ID_9WA7HB,
ID_W3XWOF,
ID_T8INTZ,
ID_2HWJVY,
ID_Z6FAST,
ID_6PLETU,
ID_ZAAPY5,
ID_2SW53T,
ID_CI0NEK,
ID_Y2K4O1,
ID_K0TZ64,
ID_74GNB1,
ID_1N7MM3,
ID_DWU56P,
ID_6QU0MB,
ID_WOLBLF,
ID_7UAPKQ,
ID_H4CP3M,
ID_52CPJL,
ID_D1T3VH,
ID_ZK2QSG,
ID_KQ435U,
ID_ORLAUL,
ID_ZKJQAV,
ID_G10SKK,
ID_YQ8FR0,
ID_E1IZ6H,
ID_CKUB5I,
ID_6GUYI2,
ID_CT01R6,
ID_M56MGQ,
ID_J84DCZ,
ID_ZKBVVJ,
ID_6ZTES2,
ID_5VS64S,
ID_9OZGFZ,
ID_K4R5A8,
ID_0R4MDT,
ID_W6NLSB,
ID_XRJ4XF,
ID_F4SN95,
ID_7AVRZB,
ID_2JLLE4,
ID_SE7LBI,
ID_IEH8RH,
ID_EW6B9G,
ID_ZUGR9T,
ID_TSANWY,
ID_V5WJ73,
ID_UKU30B,
ID_FSUJFW,
ID_OWU1L0,
ID_OL28YO,
ID_GXD7FE,
ID_ETWGD2,
ID_B43NHU,
ID_IXG7IH,
ID_NTV6SH,
ID_8KDOAJ,
ID_DXPYNI,
ID_55I3AU,
ID_ARFYDT,
ID_2D0W5Y,
ID_I5X8PJ,
ID_IB3HO1,
ID_QUOG2K,
ID_E5QYCE,
ID_YBRGUT,
ID_XLJZ3J,
ID_EVHA7P,
ID_DFTI33,
ID_8I5WF8,
ID_86ZKJE,
ID_OQF6YE,
ID_FHNARG,
ID_41T054,
ID_Q18UB7,
ID_8P1CA5,
ID_LR81UK,
ID_9RK2G8,
ID_3F4AQL,
ID_FT1ZZT,
ID_Y2IQTZ,
ID_91KAUZ,
ID_YCFXVW,
ID_QYTK4O,
ID_DCYDPY,
ID_KTU6DG,
ID_08OTJE,
ID_6QUPM3,
ID_HZCJQ7,
ID_CH8UQX,
ID_OVXQ3W,
ID_BR18GQ,
ID_Y73P42,
ID_SIR5S8,
ID_6EW6IS,
ID_5304BQ,
ID_KOXCZO,
ID_ONRGAU,
ID_687JWU,
ID_JIM60E,
ID_W6E5ZI,
ID_A5DC5U,
ID_RT5D67,
ID_QCLJGH,
ID_9BRKI2,
ID_D0G047,
ID_GO2JXW,
ID_GNHQLW,
ID_KPHLZH,
ID_IE0NU2,
ID_SF9B0E,
ID_MSRXHW,
ID_V2C6GY,
ID_BH4OW4,
ID_Q3WILK,
ID_PKK4UB,
ID_MA2DXK,
ID_3H82S8,
ID_37G70D,
ID_FGJ36G,
ID_7BP9NF,
ID_O7G4GP,
ID_R92YHH,
ID_DYDFM8,
ID_G1JD57,
ID_9GU77K,
ID_LBF52Q,
ID_2HH2L8,
ID_P749Y0,
ID_BZM3HD,
ID_3YY7GF,
ID_P0TKKI,
ID_9YZ388,
ID_86HIK8,
ID_F7B0QB,
ID_XUF029,
ID_4ZU514,
ID_TINKD2,
ID_G4EDPJ,
ID_N02HCK,
ID_JV1550,
ID_LJM1IE,
ID_A5L30R,
ID_IEOASS,
ID_KSE7YF,
ID_6S0TU0,
ID_1O68CC,
ID_0LTL02,
ID_JWPSKL,
ID_TYLGE3,
ID_5NFTKF,
ID_Q23V7T,
ID_B0VJWX,
ID_FY5YF6,
ID_KDRX99,
ID_WS6IFX,
ID_5PZZ6N,
ID_W4JDN2,
ID_59N7CS,
ID_39QRYQ,
ID_KJB4BP,
ID_62UOIY,
ID_VIOMGH,
ID_BOLYG5,
ID_URBRH8,
ID_QV1Q57,
ID_RRK5EC,
ID_CR19GM,
ID_GY6969,
ID_IC3N39,
ID_NZFWMG,
ID_JG71RP,
ID_IBABK2,
ID_W17ED1,
ID_B0CVEH,
ID_2CUMIO,
ID_ARCQA2,
ID_XZK004,
ID_WXAYHH,
ID_PDAWOY,
ID_MR8GJK,
ID_IHE8M9,
ID_WCY009,
ID_C5DJ21,
ID_8YWQFG,
ID_02H68L,
ID_5T4LYT,
ID_Z513LE,
ID_CHQBZC,
ID_BLBRNM,
ID_HJFOT0,
ID_9OHKNA,
ID_SQXO37,
ID_XAU9F3,
ID_KPZWPM,
ID_O5H3M2,
ID_MZJY90,
ID_8KOAEG,
ID_JXWHL1,
ID_NUKK2V,
ID_UZXH8Q,
ID_V3JD47,
ID_497AHQ,
ID_ZH77KY,
ID_N1OZKS,
ID_JU0PMG,
ID_9CALT3,
ID_P0VQRB,
ID_MXVCVL,
ID_5WBEDS,
ID_BQ2OO0,
ID_UKKIIE,
ID_E3KDC8,
ID_A7H1GX,
ID_NJT5M5,
ID_NWVOWN,
ID_BSL1DP,
ID_AU82A8,
ID_8T8PQQ,
ID_EWK3YN,
ID_L968NH,
ID_N3UTBY,
ID_KRNC23,
ID_2CDSUU,
ID_5GUCJ4,
ID_1TUJTW,
ID_FX500H,
ID_JBDJP9,
ID_JVHN50,
ID_0TG4LV,
ID_ZRYFH3,
ID_3L92ZP,
ID_642LHP,
ID_LSN7XD,
ID_5ZNFJ5,
ID_96UGFW,
ID_8MQ1VL,
ID_UZP6YL,
ID_NQ26G5,
ID_OAR3BN,
ID_EH2DD4,
ID_D1R0Y5,
ID_AQ3O25,
ID_O5KSFM,
ID_S960RW,
ID_5ZWS4S,
ID_LED5SN,
ID_6ZLY6F,
ID_G9YY98,
ID_EEGEHK,
ID_OL50G3,
ID_EXV0OM,
ID_HSNIRU,
ID_QUHPQK,
ID_QQOVEQ,
ID_PR6IRB,
ID_SWE5EW,
ID_542L0V,
ID_JA3VBQ,
ID_U0GOPN,
ID_9B0PL3,
ID_YRXB1U,
ID_69F2RW,
ID_HEG120,
ID_RVHUAK,
ID_XKX7B6,
ID_VAV9NA,
ID_5G429X,
ID_7P7B6F,
ID_YZHQXB,
ID_RY3QC9,
ID_WAJLX8,
ID_0OD7SE,
ID_855W40,
ID_7V39T7,
ID_I2H1P6,
ID_KJVLPP,
ID_H5ET64,
ID_W9GLXO,
ID_1V03Q5,
ID_MH0AFN,
ID_0GP32L,
ID_04HFZA,
ID_CET5OU,
ID_XJ5AUQ,
ID_J2D21A,
ID_AOINHC,
ID_0GDYHQ,
ID_LK8NSU,
ID_0BL5SS,
ID_7RPNWK,
ID_942QQ6,
ID_DJJ7QK,
ID_MH55W5,
ID_HRLZSB,
ID_9G6MKT,
ID_0XQSIO,
ID_LWRE66,
ID_W25CCE,
ID_DD4D2W,
ID_F3YTLR,
ID_9UYNMF,
ID_0U3UQU,
ID_7HU5Q0,
ID_LO9XMS,
ID_1OEGD6,
ID_CESSDB,
ID_BXJIHU,
ID_K43X6I,
ID_0SZNOT,
ID_AXGSJI,
ID_ISV7YN,
ID_HW604V,
ID_PO7QH3,
ID_J41GMR,
ID_IYO86Y,
ID_O3OSKU,
ID_2RO0QW,
ID_EQZ0S1,
ID_3KAU9G,
ID_78EWBF,
ID_U0FS70,
ID_V052FY,
ID_HDROYJ,
ID_NICFQO,
ID_8Z87R1,
ID_HYRZYQ,
ID_C39V82,
ID_89M0VV,
ID_NELPPS,
ID_FUZE5V,
ID_10RGAI,
ID_QCHDBS,
ID_K8IT4Z,
ID_D7GYMD,
ID_LXED9Q,
ID_80NIE9,
ID_EI5FJL,
ID_MO8TZ8,
ID_PSZL6T,
ID_TNLTO6,
ID_SB9BHK,
ID_Q4Y5RA,
ID_ZT3ZJT,
ID_07ZHVS,
ID_PSCC4W,
ID_HQJLP8,
ID_CEXY3C,
ID_64UFWW,
ID_HGFWGG,
ID_ANS5U4,
ID_9OCMIH,
ID_VH1ULW,
ID_DXCJLQ,
ID_DSPOZH,
ID_V6TUFK,
ID_WMLVYR,
ID_V076VT,
ID_4X3A7A,
ID_J469HO,
ID_PJKTMN,
ID_KFNAEX,
ID_EJ5T9Q,
ID_AZZD29,
ID_D4DKYI,
ID_D1CH3X,
ID_X5O5E2,
ID_PSJGLE,
ID_B0NIIP,
ID_GWHPFG,
ID_LLTHJL,
ID_9JX7HA,
ID_NOROFT,
ID_RBU4EH,
ID_JQ6Z4O,
ID_KQ9DH2,
ID_DEE1WE,
ID_5NNLQD,
ID_34RBMT,
ID_UNT1CF,
ID_29YUD9,
ID_D6ZBDF,
ID_5ADIUX,
ID_9KIU8L,
ID_FZ33TN,
ID_5EDW4B,
ID_JS7E83,
ID_4ALBA7,
ID_IN8ARK,
ID_QC6ZK0,
ID_D5WV3T,
ID_SFYX2N,
ID_FX4JG3,
ID_I83SGZ,
ID_TH1SDT,
ID_FC3DV6,
ID_1U2U6N,
ID_TMKE88,
ID_7CZ9Z6,
ID_FC5JT2,
ID_DX8HKJ,
ID_R9QR2W,
ID_P41JLP,
ID_5DMPUP,
ID_FDT25M,
ID_YW3DXI,
ID_QUKVOE,
ID_CAH9NU,
ID_R5YXSK,
ID_QLA6R4,
ID_UGIRDM,
ID_AAW7UM,
ID_YM1DC9,
ID_8SS7B2,
ID_US9U75,
ID_HINB83,
ID_QSWJ22,
ID_IIAWD0,
ID_AG9X48,
ID_36DHB1,
ID_DNW4R0,
ID_9FSXY9,
ID_7GCXQM,
ID_S0G7ES,
ID_2VNZ8G,
ID_IUVT9N,
ID_UYRBB4,
ID_WLIBPE,
ID_RF9YON,
ID_EL1GEN,
ID_RQ6AFM,
ID_NOKFMA,
ID_C8DT8A,
ID_XOV7GX,
ID_ZSULR2,
ID_4HQ8VQ,
ID_R7OBZZ,
ID_UOZQEH,
ID_BX3O1Y,
ID_XSFJDM,
ID_CKGDWW,
ID_QL6GH2,
ID_5CX1VH,
ID_GJ6ORS,
ID_60IXOB,
ID_XSSXA9,
ID_H3BO87,
ID_EEDVEN,
ID_6M70DN,
ID_KSRG6R,
ID_FVZ9QA,
ID_5M8TD7,
ID_PRS4MI,
ID_WHDJP4,
ID_YMVB12,
ID_RWUXE6,
ID_3CLQO8,
ID_ETPUVO,
ID_7S5SW8,
ID_6S56M0,
ID_TP8886,
ID_DTHHFO,
ID_3I0DK3,
ID_N45GN2,
ID_KTVYN4,
ID_VQV4G1,
ID_YYA3EE,
ID_5LG7HQ,
ID_G0Y2CI,
ID_9PC1GS,
ID_KIJBRK,
ID_1LQHYD,
ID_LHOEK2,
ID_GP46C1,
ID_DVKBVG,
ID_I8MWLS,
ID_AHHUVN,
ID_2RKSV5,
ID_S91KMT,
ID_GA4VCB,
ID_HGW546,
ID_BKAJNO,
ID_PJFDS4,
ID_MBVSH0,
ID_1PY8MM,
ID_GCJ74C,
ID_G4J1OO,
ID_O3HB3U,
ID_V255VN,
ID_5RFOKC,
ID_EGSIPZ,
ID_VFYRPX,
ID_P19AJ4,
ID_U6Y2MB,
ID_TDXMFD,
ID_VP7KYL,
ID_GL7KS1,
ID_RM1F9X,
ID_WTRR5A,
ID_8ZF32C,
ID_QMBRME,
ID_0V7SI1,
ID_7OCKD8,
ID_Q6HARD,
ID_7BJY3M,
ID_PV8MMT,
ID_5PV9N6,
ID_QLVXGG,
ID_2P3I6V,
ID_RJMKYV,
ID_UBEBK6,
ID_G4V8D6,
ID_1IH6RC,
ID_OLWZRS,
ID_S4P09X,
ID_05O86R,
ID_AZDHXK,
ID_SSDFU1,
ID_1U1NQH,
ID_HFS26K,
ID_1SATOP,
ID_SKD71Q,
ID_CDGAZB,
ID_KG136W,
ID_UC51W2,
ID_YSE0PG,
ID_DP8WIA,
ID_MZQP47,
ID_L6LZ86,
ID_69VPJB,
ID_STO6OI,
ID_KYEV81,
ID_IDDEPN,
ID_5556GO,
ID_UXSYIL,
ID_I0A512,
ID_RJ2MT7,
ID_47CAT9,
ID_52BDBA,
ID_ZCZU71,
ID_M6391N,
ID_UJZLRA,
ID_I99951,
ID_P0RONH,
ID_MVET09,
ID_DLBY7W,
ID_LQG0OK,
ID_W4693J,
ID_W0NHB6,
ID_4LVEUQ,
ID_O4TNJP,
ID_0D878L,
ID_TR61JX,
ID_GP1PV3,
ID_L5AYF0,
ID_WLJWYB,
ID_F7MTZ9,
ID_0J3V6T,
ID_AO7Z30,
ID_0AC4HE,
ID_2SRMVZ,
ID_U7FDMQ,
ID_XVPKHU,
ID_HHIJQY,
ID_CNKBTV,
ID_HQ9X2P,
ID_EJU7TW,
ID_OOS6H2,
ID_CHNW1Q,
ID_CR5RY7,
ID_U1868S,
ID_U3P2C8,
ID_2JWXEI,
ID_VF5MEY,
ID_5YB8TK,
ID_TW6CP2,
ID_IES4TT,
ID_8CWMVH,
ID_WLP5PE,
ID_23K4F3,
ID_NLOCRK,
ID_HM6PC0,
ID_N4MIMH,
ID_FO04AM,
ID_VTLUFN,
ID_6C3AQL,
ID_4UZSJL,
ID_5WE561,
ID_7VPNPD,
ID_X549K8,
ID_20GHWL,
ID_K19427,
ID_S7W33J,
ID_8LPJQ6,
ID_WNMRJ9,
ID_XARJ32,
ID_VTJIQ8,
ID_UOOVGF,
ID_CGH1Z3,
ID_70SPX0,
ID_HOKJMY,
ID_LF8AZ2,
ID_191MGW,
ID_9L9XBD,
ID_60K6PY,
ID_MPP75F,
ID_CGTLN9,
ID_Q0BYD0,
ID_V6XRAL,
ID_BSER73,
ID_4SDMYH,
ID_GQRS8Y,
ID_5JQUHD,
ID_WMNL00,
ID_EYR2R4,
ID_YGZ20T,
ID_1GNFKI,
ID_ED8Y7X,
ID_RLYDQM,
ID_1ZOVJF,
ID_IJKHQU,
ID_3VPNYN,
ID_KWG6U7,
ID_41Z3I8,
ID_JIANB4,
ID_9XSJ3K,
ID_MIMLT7,
ID_515XJK,
ID_5Q5X26,
ID_AES0J7,
ID_5VF8CG,
ID_UVB41T,
ID_BPX695,
ID_A1Y0V3,
ID_HV9J52,
ID_P73C6A,
ID_XNIDDI,
ID_1URUYE,
ID_O4XPU2,
ID_LS5CHY,
ID_VILMMG,
ID_O2E0DM,
ID_0GAHA9,
ID_6LI0SG,
ID_VXF1A6,
ID_I6PG4W,
ID_2G2QVT,
ID_QLSOFQ,
ID_XBXPDS,
ID_XCS6XU,
ID_8UDUSW,
ID_U6K8TV,
ID_RMLRI3,
ID_FNBKVG,
ID_UKUZSV,
ID_ALG3PZ,
ID_I05GYX,
ID_NXL7XO,
ID_D2N4JQ,
ID_Q4HYN8,
ID_PSVSQV,
ID_OSKXFZ,
ID_Q1CR2M,
ID_4SVZ6G,
ID_ED40BQ,
ID_42E1XK,
ID_X3RQN2,
ID_54KRBC,
ID_P9PQU8,
ID_ILHKZ4,
ID_OAHEVY,
ID_OLSE62,
ID_Q5GE26,
ID_267RWP,
ID_TFGL4Q,
ID_MYA6FN,
ID_MN0DJZ,
ID_FOR71V,
ID_ZYTJLT,
ID_XCHU2Y,
ID_BNS5BD,
ID_R1SOXV,
ID_S8WG35,
ID_9374K4,
ID_3EQQX2,
ID_EA2WRH,
ID_TB69BW,
ID_C7X6XK,
ID_8JC4UI,
ID_UFN634,
ID_PP6VVC,
ID_C3H2PE,
ID_KUG45X,
ID_P2KDTA,
ID_WI47IJ,
ID_DM0O71,
ID_O4ZV32,
ID_27979A,
ID_A9GCU1,
ID_XOWCMH,
ID_E54930,
ID_MN7QAO,
ID_WPFHQP,
ID_T47S1U,
ID_AYA9R8,
ID_LJVPLW,
ID_FZT3NJ,
ID_9LB2SS,
ID_11S91T,
ID_UE4T5W,
ID_YLSNQH,
ID_RJ1KBW,
ID_XK1ZXG,
ID_H08NDF,
ID_419RE2,
ID_LV97ZJ,
ID_1M2VZE,
ID_IZWMP5,
ID_ER5YXE,
ID_UKNHET,
ID_40P99F,
ID_8TGTNP,
ID_H655JR,
ID_WR51SV,
ID_NE0I4L,
ID_I1IQ44,
ID_W94EMM,
ID_HJC4SJ,
ID_ZGDF6W,
ID_3JITP0,
ID_KSR8F9,
ID_23Y3MP,
ID_ZO9RGR,
ID_UC5DF6,
ID_6RFZUR,
ID_H7J7WI,
ID_8P1U4E,
ID_P5LZ9K,
ID_EQ837L,
ID_2L2DIB,
ID_ZOOXF8,
ID_GYZOE3,
ID_KVM6TR,
ID_JBJ8FD,
ID_FQTXKR,
ID_NA102T,
ID_M2RAJG,
ID_ZW2W7G,
ID_955RC6,
ID_OF6UHD,
ID_0E9SYP,
ID_DGJ334,
ID_JSLKDS,
ID_PUK8LG,
ID_UJRPLW,
ID_LRF6BS,
ID_X7D7AM,
ID_ZUANV9,
ID_R1AKES,
ID_JFS75I,
ID_PCPMT6,
ID_NL45KJ,
ID_3IVUW6,
ID_XDUYI3,
ID_TP3TD8,
ID_H9IFQQ,
ID_2QEZBY,
ID_QIXVVD,
ID_N0AJ5Y,
ID_WMZ26Y,
ID_MDAK4O,
ID_Z9S5B3,
ID_RBE6P8,
ID_K80CJ3,
ID_1MX7XU,
ID_O0TETV,
ID_SC96WL,
ID_2IYJPV,
ID_D0MUPX,
ID_2XKGGL,
ID_DXP4YF,
ID_LRLZ4J,
ID_GGO75T,
ID_9R3QMQ,
ID_AP96YP,
ID_JZDZCL,
ID_9THTWL,
ID_ZL6CYH,
ID_81RUW2,
ID_3TUMD2,
ID_6XNW56,
ID_R05MX8,
ID_GUSXU9,
ID_GMVEG1,
ID_GD6HNP,
ID_J7YW1Y,
ID_I4E04N,
